target	entry	resource	old	new
infinity-7.2.jar	data/infinity/functions/infinity/local_snap.mcfunction	patches/infinity-7.2/data/infinity/functions/infinity/local_snap.mcfunction	-	c697e4c8c4bc577ccae158e0af6ebeb3220831aa95ac4cb2e28a350873b5f16a
infinity-7.2.jar	data/infinity/functions/infinity/snap_players.mcfunction	patches/infinity-7.2/data/infinity/functions/infinity/snap_players.mcfunction	-	858aaa14c9941d12ac9929ce36039cd0890e0805c2ce4616dedc26f9e88403ce
infinity-7.2.jar	data/infinity/palladium/powers/infinity_gauntlet.json	patches/infinity-7.2/data/infinity/palladium/powers/infinity_gauntlet.json	99f1fe14f8d91f1d3cbb3f50e1647810b6eae7cd56f4d5d360c249b00e5303d1	0ef8d096dd9432f306ae564790e52561ddd4882a4fa766be5483bb0d666d9f5c
infinity-7.2.jar	data/infinity/palladium/powers/soul_stone.json	patches/infinity-7.2/data/infinity/palladium/powers/soul_stone.json	bb5ed241e1d98907f694936c7bccfbfbc53a352034ebbd98d498e4db8b3d8ccf	ebd579b67031ae766c2be2c6f5e9d2b5b04498e615ca5342806a65d20310dc63
Satsu_iron_man_addon-3.5.3.jar	addon/satsu_iron_man_addon/kubejs_scripts/abilities/curios_slot_durability.js	patches/satsu-3.5.3/addon/satsu_iron_man_addon/kubejs_scripts/abilities/curios_slot_durability.js	b8cee51c40de88635bfadb8c5787c88de782c8a9ac20e88b30fccd15765973ad	187d7f5d9a00796008d41ad1db948d7a8292f474230f5d8a6f96f8a689d5d290
Satsu_iron_man_addon-3.5.3.jar	addon/satsu_iron_man_addon/kubejs_scripts/abilities/destroy.js	patches/satsu-3.5.3/addon/satsu_iron_man_addon/kubejs_scripts/abilities/destroy.js	c1f6ffbe69ac9087be8fa4dea8be10bcd710d1cdb43ae024daa1e0244006515f	83ed7cef3c7bb89c181df2bd8a741a5b562568999a9b71d6fe6b9b7e4f66c28f
Satsu_iron_man_addon-3.5.3.jar	addon/satsu_iron_man_addon/kubejs_scripts/abilities/effect_imnunity.js	patches/satsu-3.5.3/addon/satsu_iron_man_addon/kubejs_scripts/abilities/effect_imnunity.js	930fbfb5532966485a9b3b80f2842222206947e21df9dee7227c23b7aac84ef5	f06e712946a26abc676e72e864d23cd233309dbb9ec5d53cb1578be4b900190b
Satsu_iron_man_addon-3.5.3.jar	addon/satsu_iron_man_addon/kubejs_scripts/abilities/item_nbt_modifier.js	patches/satsu-3.5.3/addon/satsu_iron_man_addon/kubejs_scripts/abilities/item_nbt_modifier.js	efe29465cc33d0ab1a6322d3f83ec0674259cd0e73120294ffbb24e60c826c38	c7beb41f011c469b26353fd29e9fb494070cbf9212f72e08749e51a58625a62d
Satsu_iron_man_addon-3.5.3.jar	addon/satsu_iron_man_addon/kubejs_scripts/abilities/item_nbt_property_sync.js	patches/satsu-3.5.3/addon/satsu_iron_man_addon/kubejs_scripts/abilities/item_nbt_property_sync.js	23accd99d1b4cc92273abf777d46156b670f8b3560d6febf94b66d872859c03b	5bfddc4abc931db08446805103504f5f27ea27cdb3ef9245870639568043f014
Satsu_iron_man_addon-3.5.3.jar	addon/satsu_iron_man_addon/kubejs_scripts/abilities/item_nbt_to_property.js	patches/satsu-3.5.3/addon/satsu_iron_man_addon/kubejs_scripts/abilities/item_nbt_to_property.js	553c728f5845a10bf9eb960dcec24e1c40bb5161e659245b7010f0a86d4222c4	e0f7015377b83540edfe84a786220e9a854830b9611a35888cdc2ffbdeb5242a
Satsu_iron_man_addon-3.5.3.jar	addon/satsu_iron_man_addon/kubejs_scripts/abilities/nbt_modifier.js	patches/satsu-3.5.3/addon/satsu_iron_man_addon/kubejs_scripts/abilities/nbt_modifier.js	393f3ef20bcac4bcb546e68083a454c1da5737232d61fc8b513c768cf4d24e4e	8271e301ad14f9a30449d244dfcbf7bed6d419d2dfd79bb963c71303365df07c
Satsu_iron_man_addon-3.5.3.jar	assets/satsu_iron_man_addon/animations/CA#U00cdDA.json	patches/satsu-3.5.3/assets/satsu_iron_man_addon/animations/CA#U00cdDA.json	-	1a3739c7ccb68f0ad9b4137d662d7d5f739681be8ee65a97850e057ea5a3faf5
Satsu_iron_man_addon-3.5.3.jar	data/satsu_iron_man_addon/palladium/powers/iron_man/marks/infamous/beams/chest/beam.json	patches/satsu-3.5.3/data/satsu_iron_man_addon/palladium/powers/iron_man/marks/infamous/beams/chest/beam.json	fb5efa6962c9b226a2dd9bf17ad1c1219dd0c86f4c9bc7ed58c337606e849327	51750cfb478d7e2632c90b1db28105f6274e29a3d3ef322e3d53a59fcf9c7600
Satsu_iron_man_addon-3.5.3.jar	data/satsu_iron_man_addon/palladium/powers/iron_man/marks/infamous/beams/chest/energy_beams_nano.json	patches/satsu-3.5.3/data/satsu_iron_man_addon/palladium/powers/iron_man/marks/infamous/beams/chest/energy_beams_nano.json	f72db5aa8e9f37152893fcad0361e4c8b8fbab1e640f8cee3e121115a012ed77	d604fe28e250c9310c1400e9b76b0cd00d71589c7bfbb655fd617b2516cbbc33
Satsu_iron_man_addon-3.5.3.jar	data/satsu_iron_man_addon/palladium/powers/iron_man/marks/infamous/beams/chest/energy_beams_powerfull_1.json	patches/satsu-3.5.3/data/satsu_iron_man_addon/palladium/powers/iron_man/marks/infamous/beams/chest/energy_beams_powerfull_1.json	62e076eb03b1e43bb43a5431326bad5170228827f34b6888d04d157855e01ccb	ea9dd19009e1dcae4e10fa62cca3eb603b0e5d88571c23e40932107fcef1d6eb
Satsu_iron_man_addon-3.5.3.jar	data/satsu_iron_man_addon/palladium/powers/iron_man/marks/infamous/beams/chest/energy_beams_powerfull_2.json	patches/satsu-3.5.3/data/satsu_iron_man_addon/palladium/powers/iron_man/marks/infamous/beams/chest/energy_beams_powerfull_2.json	1ee4f089ba98eac223442ab514f8d6357397fe80d4c1bf0f61ab4679ceec96e4	9539610cfae12b4031372e5100f8cf7e0c91102849ddc9b434696045915c2e72
Satsu_iron_man_addon-3.5.3.jar	data/satsu_iron_man_addon/palladium/powers/iron_man/marks/iron_legion_prototype/beams/chest/beam.json	patches/satsu-3.5.3/data/satsu_iron_man_addon/palladium/powers/iron_man/marks/iron_legion_prototype/beams/chest/beam.json	36ca5371d8b0fecfe2c87a351dfa44a9178912e6a1d248f06b678052c9832af7	c35e742846f266a1797228632ba6bb69b3493a532c5c1093db5b3a9623c2cbbb
Satsu_iron_man_addon-3.5.3.jar	data/satsu_iron_man_addon/palladium/powers/iron_man/marks/iron_legion_prototype/beams/chest/energy_beams_powerfull_1.json	patches/satsu-3.5.3/data/satsu_iron_man_addon/palladium/powers/iron_man/marks/iron_legion_prototype/beams/chest/energy_beams_powerfull_1.json	0cb68d3eaf9b2fa3b6f56e3bcdd59f11e1d4bdb5b208fbe84bd50b029b56addd	061de0fde33eb895c957a4843cea1c3db22fe679d218e4477913779b55644544
Satsu_iron_man_addon-3.5.3.jar	data/satsu_iron_man_addon/palladium/powers/iron_man/marks/iron_legion_prototype/beams/chest/energy_beams_powerfull_2.json	patches/satsu-3.5.3/data/satsu_iron_man_addon/palladium/powers/iron_man/marks/iron_legion_prototype/beams/chest/energy_beams_powerfull_2.json	9a92841ef4df16ab87e1ccdad6a39b870b6436c15c4312674b654d842cd414a9	3f69124cea401ef420bb0d98380dc762662a04e27e7604c44903b1b77e9f79e2
Satsu_iron_man_addon-3.5.3.jar	data/satsu_iron_man_addon/palladium/powers/iron_man/marks/mark_02/beams/chest/beam.json	patches/satsu-3.5.3/data/satsu_iron_man_addon/palladium/powers/iron_man/marks/mark_02/beams/chest/beam.json	10d2814b2cec5b95bf8ffeae72986cb67fc35ba19c813841a41a23453981abb2	9528c219569c820ad46b1ff036076ea5e7c58daff2cd7ac42b114e144baef9ed
Satsu_iron_man_addon-3.5.3.jar	data/satsu_iron_man_addon/palladium/powers/iron_man/marks/mark_02/beams/chest/energy_beams_powerfull_1.json	patches/satsu-3.5.3/data/satsu_iron_man_addon/palladium/powers/iron_man/marks/mark_02/beams/chest/energy_beams_powerfull_1.json	94df891adbdef721e680e8b7df0ec158a097fa912cb892388781dbbdc52bb90b	17ecb6f0836111f3b31ccdc4d94ed7102fb0d60dc2595360e1e3c08834cb67b4
Satsu_iron_man_addon-3.5.3.jar	data/satsu_iron_man_addon/palladium/powers/iron_man/marks/mark_02/beams/chest/energy_beams_powerfull_2.json	patches/satsu-3.5.3/data/satsu_iron_man_addon/palladium/powers/iron_man/marks/mark_02/beams/chest/energy_beams_powerfull_2.json	efca94a667a4f7bcc19f4f781604d8082a70602f77305e9150e89636e28a1014	11899e5f09b16dda5a8e1e5456ce9ac5c841b4cfc491f1c4fe57b349d0864bf3
Satsu_iron_man_addon-3.5.3.jar	data/satsu_iron_man_addon/palladium/powers/iron_man/marks/mark_03/beams/chest/beam.json	patches/satsu-3.5.3/data/satsu_iron_man_addon/palladium/powers/iron_man/marks/mark_03/beams/chest/beam.json	43b5e872d8085c18d1df745e258d2629b93c50d9c4f4a1c243e80154b3d2f5e0	63f7cbbcb96ee6e511805ed3e41512abd99b463be83acc7e4d032a23e363b98b
Satsu_iron_man_addon-3.5.3.jar	data/satsu_iron_man_addon/palladium/powers/iron_man/marks/mark_03/beams/chest/energy_beams_powerfull_1.json	patches/satsu-3.5.3/data/satsu_iron_man_addon/palladium/powers/iron_man/marks/mark_03/beams/chest/energy_beams_powerfull_1.json	9136a440595c86ef04f0f5fbaab0f9017e19f1d080d974680e59ddde7cba26cb	0d72ba20f5fad06b36fa0b2afddef154515d9e7eac9b26d1410065815328f2a7
Satsu_iron_man_addon-3.5.3.jar	data/satsu_iron_man_addon/palladium/powers/iron_man/marks/mark_03/beams/chest/energy_beams_powerfull_2.json	patches/satsu-3.5.3/data/satsu_iron_man_addon/palladium/powers/iron_man/marks/mark_03/beams/chest/energy_beams_powerfull_2.json	244487f45742aa40c0e4bf0c7d525434ec21d7b672110496c527f3e9749a8e97	76ce8087cda590bc3345f592726b442476fa742ec27435ba812378b6d577f973
Satsu_iron_man_addon-3.5.3.jar	data/satsu_iron_man_addon/palladium/powers/iron_man/marks/mark_04/beams/chest/beam.json	patches/satsu-3.5.3/data/satsu_iron_man_addon/palladium/powers/iron_man/marks/mark_04/beams/chest/beam.json	cafcf92cdc1a27b27083aa3cfe88fc593023ceb8d15ebdb42ff0b069d4767f72	b13582e42375d559faffe14884f33e3cd8346588d0e51c0b28d8ee20667c56c3
Satsu_iron_man_addon-3.5.3.jar	data/satsu_iron_man_addon/palladium/powers/iron_man/marks/mark_04/beams/chest/energy_beams_powerfull_1.json	patches/satsu-3.5.3/data/satsu_iron_man_addon/palladium/powers/iron_man/marks/mark_04/beams/chest/energy_beams_powerfull_1.json	ac6737e942239f7142f8b911c2093b0d013a8c68308afd95c5bd1aa411f56336	f48a9a0247456b52a570f7956f9e4386190037fa041c8954b8c4e36bf7896229
Satsu_iron_man_addon-3.5.3.jar	data/satsu_iron_man_addon/palladium/powers/iron_man/marks/mark_04/beams/chest/energy_beams_powerfull_2.json	patches/satsu-3.5.3/data/satsu_iron_man_addon/palladium/powers/iron_man/marks/mark_04/beams/chest/energy_beams_powerfull_2.json	1d9596eabb855a7b3a618fc3c22a65c3bb6835db3981392bf6eb6ec26cc35c1d	a38ddabbd6606d3773bcf5ae4a3bdd48a61fb3354c05422f8ea82cdd28fd2763
Satsu_iron_man_addon-3.5.3.jar	data/satsu_iron_man_addon/palladium/powers/iron_man/marks/mark_05/beams/chest/beam.json	patches/satsu-3.5.3/data/satsu_iron_man_addon/palladium/powers/iron_man/marks/mark_05/beams/chest/beam.json	ede61e09b732ed48fedada1ab5adcb95bbad3563f5152900a6e5f7983717dd71	338da169fdad993f4d9667e94525d43d752d2802f53a9ba87e676c3f2f071909
Satsu_iron_man_addon-3.5.3.jar	data/satsu_iron_man_addon/palladium/powers/iron_man/marks/mark_05/beams/chest/energy_beams_powerfull_1.json	patches/satsu-3.5.3/data/satsu_iron_man_addon/palladium/powers/iron_man/marks/mark_05/beams/chest/energy_beams_powerfull_1.json	2820176ec7a8561dca42f56515c1e41f1bd27e68667ed41aad1fa95c4d5b599b	b986c8d156c4144674756399eaea9b345a828890c8b8e6b995831cd627cbbf69
Satsu_iron_man_addon-3.5.3.jar	data/satsu_iron_man_addon/palladium/powers/iron_man/marks/mark_05/beams/chest/energy_beams_powerfull_2.json	patches/satsu-3.5.3/data/satsu_iron_man_addon/palladium/powers/iron_man/marks/mark_05/beams/chest/energy_beams_powerfull_2.json	ad45cad50f997537932f9fcd06595452354e32008adef9427a98cc01f6054fa6	2dc5f4538a051b6195206bb7659b5fad7bbd3cd235ad6da8831471d78194885b
Satsu_iron_man_addon-3.5.3.jar	data/satsu_iron_man_addon/palladium/powers/iron_man/marks/mark_06/beams/chest/beam.json	patches/satsu-3.5.3/data/satsu_iron_man_addon/palladium/powers/iron_man/marks/mark_06/beams/chest/beam.json	0af1392194da616be36e1940cbad7a55c5bffa41da4f09248e8145b93a673118	bfed73bb1231ffa44aa288d0b5bb10a0b9c9fb225b3274142ed1e0aaa645e13a
Satsu_iron_man_addon-3.5.3.jar	data/satsu_iron_man_addon/palladium/powers/iron_man/marks/mark_06/beams/chest/energy_beams_powerfull_1.json	patches/satsu-3.5.3/data/satsu_iron_man_addon/palladium/powers/iron_man/marks/mark_06/beams/chest/energy_beams_powerfull_1.json	ef15f5e1eafd653ab7766fc02c07baeb7305ef90ec57af5d1d697d66c61fb3ca	382ef9c43c095ceec1b6fb6ba65e5f33a69c3fe3fbaefe6bb2a1f1e21e50911e
Satsu_iron_man_addon-3.5.3.jar	data/satsu_iron_man_addon/palladium/powers/iron_man/marks/mark_06/beams/chest/energy_beams_powerfull_2.json	patches/satsu-3.5.3/data/satsu_iron_man_addon/palladium/powers/iron_man/marks/mark_06/beams/chest/energy_beams_powerfull_2.json	79a0a5d9e147d50690df219adfd845d42899e84b591d127166f71a118e5b9158	0c2b14f2b13bbd8d3c4feaddbf5b2e274bc397727a467d7eeee42025f00ba0d2
Satsu_iron_man_addon-3.5.3.jar	data/satsu_iron_man_addon/palladium/powers/iron_man/marks/mark_07/beams/chest/beam.json	patches/satsu-3.5.3/data/satsu_iron_man_addon/palladium/powers/iron_man/marks/mark_07/beams/chest/beam.json	72e107223a3c0279b4fdc39a2320703ffc0931a4b60991fae88017fc3748ffdf	aeff9fd76cfca64ae5916e3f8f9d11ad0f786b61e82113b3260c08e39aadccd9
Satsu_iron_man_addon-3.5.3.jar	data/satsu_iron_man_addon/palladium/powers/iron_man/marks/mark_07/beams/chest/energy_beams_powerfull_1.json	patches/satsu-3.5.3/data/satsu_iron_man_addon/palladium/powers/iron_man/marks/mark_07/beams/chest/energy_beams_powerfull_1.json	38ccaf0ca403c46806eedc46eb1eb044f54878367dfa2c5f572185a56392f1e1	950fa8c95b1a61818d5f67b857a05a645110bd6087fb609771b71c897db329bf
Satsu_iron_man_addon-3.5.3.jar	data/satsu_iron_man_addon/palladium/powers/iron_man/marks/mark_07/beams/chest/energy_beams_powerfull_2.json	patches/satsu-3.5.3/data/satsu_iron_man_addon/palladium/powers/iron_man/marks/mark_07/beams/chest/energy_beams_powerfull_2.json	8dfa0b2df8b8eb69cb48382bb30c2d6ca741b6291519519bc56ae592febefa99	cef4ecd74cee21b63919d05c7a8d0be76d9cc86ed0aef3cc3d7557e835a0a411
Satsu_iron_man_addon-3.5.3.jar	data/satsu_iron_man_addon/palladium/powers/iron_man/marks/mark_08/beams/chest/beam.json	patches/satsu-3.5.3/data/satsu_iron_man_addon/palladium/powers/iron_man/marks/mark_08/beams/chest/beam.json	c353b4eb3fb0c93be9da16eb522ed2f313bcece0e8b07555d528abb0eed6a1c8	00c1e9977791df1d8b3013683aefa219c17c0e90be3044a7be56417c3202e49a
Satsu_iron_man_addon-3.5.3.jar	data/satsu_iron_man_addon/palladium/powers/iron_man/marks/mark_08/beams/chest/energy_beams_powerfull_1.json	patches/satsu-3.5.3/data/satsu_iron_man_addon/palladium/powers/iron_man/marks/mark_08/beams/chest/energy_beams_powerfull_1.json	2614ccad2e038f848a296e62082280aa47adf2dc4bfd6618fa7887e1311b2e43	566061051e54321a9b15ec858024917406e4bceefe5dc0561fc96e34473357ab
Satsu_iron_man_addon-3.5.3.jar	data/satsu_iron_man_addon/palladium/powers/iron_man/marks/mark_08/beams/chest/energy_beams_powerfull_2.json	patches/satsu-3.5.3/data/satsu_iron_man_addon/palladium/powers/iron_man/marks/mark_08/beams/chest/energy_beams_powerfull_2.json	87bcd57c0da576e0e05d0a2a3b731ba073ce6963becaf444673c4caa7fd27c38	3a83322a1ffea50457c32d2cfafbda5b56ff2811f0ef8e740c5d7ec92a3de4c3
Satsu_iron_man_addon-3.5.3.jar	data/satsu_iron_man_addon/palladium/powers/iron_man/marks/mark_09/beams/chest/beam.json	patches/satsu-3.5.3/data/satsu_iron_man_addon/palladium/powers/iron_man/marks/mark_09/beams/chest/beam.json	00995fef747ddb63ed4662f31da53cc73cf572ed1bce993f0013e04b22d41f8c	fb0fc2b0610ba50de8627d75dfdf321fd34934043332eb895e45617251646653
Satsu_iron_man_addon-3.5.3.jar	data/satsu_iron_man_addon/palladium/powers/iron_man/marks/mark_09/beams/chest/energy_beams_powerfull_1.json	patches/satsu-3.5.3/data/satsu_iron_man_addon/palladium/powers/iron_man/marks/mark_09/beams/chest/energy_beams_powerfull_1.json	c0157bceb82db218050c9be4ffd61b83762e68a7e7c2d32848530812f0cb52e0	02a642ee20f33399371165ba2765ec3c4ca190e634bc387391c63ec672069b61
Satsu_iron_man_addon-3.5.3.jar	data/satsu_iron_man_addon/palladium/powers/iron_man/marks/mark_09/beams/chest/energy_beams_powerfull_2.json	patches/satsu-3.5.3/data/satsu_iron_man_addon/palladium/powers/iron_man/marks/mark_09/beams/chest/energy_beams_powerfull_2.json	dd9ab466df52c148d5de1c142f7bb828e23718ff10cf7867612be46a527d3ac4	96f1485e98d0cc05284ef9116fbe7ab641e46935fd694d7109384d7e2b36e474
Satsu_iron_man_addon-3.5.3.jar	data/satsu_iron_man_addon/palladium/powers/iron_man/marks/mark_10/beams/chest/beam.json	patches/satsu-3.5.3/data/satsu_iron_man_addon/palladium/powers/iron_man/marks/mark_10/beams/chest/beam.json	5e00442f4481e19b7e2956e9c9609a92def5872813deb1d35f88665a607256b8	fa790bbf722c4758e0b54dc510e0406e2836085d4fc870ced484d87a6195912e
Satsu_iron_man_addon-3.5.3.jar	data/satsu_iron_man_addon/palladium/powers/iron_man/marks/mark_10/beams/chest/energy_beams_powerfull_1.json	patches/satsu-3.5.3/data/satsu_iron_man_addon/palladium/powers/iron_man/marks/mark_10/beams/chest/energy_beams_powerfull_1.json	55caccdadc4d984277a4785a95a52c8585532308915dcb95c0440e9c392cf614	b4c257291e733eef4218c681da653eda0f95009d7d7dede47996b2faeee40620
Satsu_iron_man_addon-3.5.3.jar	data/satsu_iron_man_addon/palladium/powers/iron_man/marks/mark_10/beams/chest/energy_beams_powerfull_2.json	patches/satsu-3.5.3/data/satsu_iron_man_addon/palladium/powers/iron_man/marks/mark_10/beams/chest/energy_beams_powerfull_2.json	1953e8b5427abb5c2c04e4a8b40cacd9236ffe210ec51c20735392577a48ed10	740e0fc12c93e44c98d5c8e3548ca62959a26456a03899e62941c94b8683726f
Satsu_iron_man_addon-3.5.3.jar	data/satsu_iron_man_addon/palladium/powers/iron_man/marks/mark_11/beams/chest/beam.json	patches/satsu-3.5.3/data/satsu_iron_man_addon/palladium/powers/iron_man/marks/mark_11/beams/chest/beam.json	1bdbfc025ce59f3e9025e9ff6be05dd00dffed27b701e806c1b59a6f07f8ddef	d176d1a44491f54dfa09f30a195577a369168de37312566984d7b25eb35600a5
Satsu_iron_man_addon-3.5.3.jar	data/satsu_iron_man_addon/palladium/powers/iron_man/marks/mark_11/beams/chest/energy_beams_powerfull_1.json	patches/satsu-3.5.3/data/satsu_iron_man_addon/palladium/powers/iron_man/marks/mark_11/beams/chest/energy_beams_powerfull_1.json	6366324c5d0691aa53f1651019a5b9d360ea2ba036c5c20f63ccabca0f0be185	e86d1a3bcb0630874cbef7c1247bed109191ca228218ea655021314422479003
Satsu_iron_man_addon-3.5.3.jar	data/satsu_iron_man_addon/palladium/powers/iron_man/marks/mark_11/beams/chest/energy_beams_powerfull_2.json	patches/satsu-3.5.3/data/satsu_iron_man_addon/palladium/powers/iron_man/marks/mark_11/beams/chest/energy_beams_powerfull_2.json	288f929e23aadb924cd0d2a99ae26953a0fd399e89c830512463b3b3a78aa1f5	e4dfe0afc01b5be9a12ab2c03de0b8e11e3b3542cdbd7849733e00cf6f51a263
Satsu_iron_man_addon-3.5.3.jar	data/satsu_iron_man_addon/palladium/powers/iron_man/marks/mark_12/beams/chest/beam.json	patches/satsu-3.5.3/data/satsu_iron_man_addon/palladium/powers/iron_man/marks/mark_12/beams/chest/beam.json	6b331748761203c2af90a56bcd776d1b91c25aa27618abbe7cc2a31504d5c004	32eaa9d02731f8c8c5549a3abbbc22e37fe96231c0730b4b2d5395c43476da8f
Satsu_iron_man_addon-3.5.3.jar	data/satsu_iron_man_addon/palladium/powers/iron_man/marks/mark_12/beams/chest/energy_beams_powerfull_1.json	patches/satsu-3.5.3/data/satsu_iron_man_addon/palladium/powers/iron_man/marks/mark_12/beams/chest/energy_beams_powerfull_1.json	30bc0cc109237e5ac9fff6683ab5a6bd6621e921ac1f54d488594ff69573cf8f	f425ad739554b10c59a541b089db4636d1b57c5f1fa437bd42a85c6081587a4c
Satsu_iron_man_addon-3.5.3.jar	data/satsu_iron_man_addon/palladium/powers/iron_man/marks/mark_12/beams/chest/energy_beams_powerfull_2.json	patches/satsu-3.5.3/data/satsu_iron_man_addon/palladium/powers/iron_man/marks/mark_12/beams/chest/energy_beams_powerfull_2.json	a6a7f8f157fd0767852c2c4a99699f8ab29f3fc7e3f57a46f0e73e637557a33d	3e34d0ca630435609a9b44c475f527d751cb40d8aae4d34059207aba7dbee358
Satsu_iron_man_addon-3.5.3.jar	data/satsu_iron_man_addon/palladium/powers/iron_man/marks/mark_13/beams/chest/beam.json	patches/satsu-3.5.3/data/satsu_iron_man_addon/palladium/powers/iron_man/marks/mark_13/beams/chest/beam.json	dd6649b4190018e860807307d7fe7cbeab88ba52cfb33e169ca8be63ca275dac	7567b931604ef5c9c12c4ff89508154491f920b73bcc9aef898886b944c94d8e
Satsu_iron_man_addon-3.5.3.jar	data/satsu_iron_man_addon/palladium/powers/iron_man/marks/mark_13/beams/chest/energy_beams_powerfull_1.json	patches/satsu-3.5.3/data/satsu_iron_man_addon/palladium/powers/iron_man/marks/mark_13/beams/chest/energy_beams_powerfull_1.json	abdb8cd13e02c37cb31a13ce4f3e8c47c4aa071a01acd29800092cbd88d44011	b7e754f0db2203935ed0d537ea7aaf9e62d12b7bfbbb9560aa76e0430eef5b08
Satsu_iron_man_addon-3.5.3.jar	data/satsu_iron_man_addon/palladium/powers/iron_man/marks/mark_13/beams/chest/energy_beams_powerfull_2.json	patches/satsu-3.5.3/data/satsu_iron_man_addon/palladium/powers/iron_man/marks/mark_13/beams/chest/energy_beams_powerfull_2.json	49d6ba71b1232f6fc3ca7f0a3956645a1211ccb229c70c1ed19a33583f0ff7a5	882fd6e40ea647428cf7c81cc60fc59fa5c0fff08484e59d3102c0f0e70eb121
Satsu_iron_man_addon-3.5.3.jar	data/satsu_iron_man_addon/palladium/powers/iron_man/marks/mark_14/beams/chest/beam.json	patches/satsu-3.5.3/data/satsu_iron_man_addon/palladium/powers/iron_man/marks/mark_14/beams/chest/beam.json	c478d905e8cf1f49e406e98ca9057c3fe094e903df68df621193c59188c79922	e8fce5043f413c1e45d9b3a7f756c0ea1d0419edc38d85575ee15cfd233fd433
Satsu_iron_man_addon-3.5.3.jar	data/satsu_iron_man_addon/palladium/powers/iron_man/marks/mark_14/beams/chest/energy_beams_powerfull_1.json	patches/satsu-3.5.3/data/satsu_iron_man_addon/palladium/powers/iron_man/marks/mark_14/beams/chest/energy_beams_powerfull_1.json	b64caa7da6c2a60f65308b23fd205c094818d6465279fa1c8bf506996b93594d	4891eb14f1b74a7e79beca63b201b17eac6d53f98067daf697236b7f11a5b3e7
Satsu_iron_man_addon-3.5.3.jar	data/satsu_iron_man_addon/palladium/powers/iron_man/marks/mark_14/beams/chest/energy_beams_powerfull_2.json	patches/satsu-3.5.3/data/satsu_iron_man_addon/palladium/powers/iron_man/marks/mark_14/beams/chest/energy_beams_powerfull_2.json	c5159561b8cd18f1f6d99c56b4d52d21e493ad7abad437d413c248b5ebb00f43	a225f960b9ec02135a1e597ce52c85a4bc337cd07a38bcf533d1471c4f644246
Satsu_iron_man_addon-3.5.3.jar	data/satsu_iron_man_addon/palladium/powers/iron_man/marks/mark_15/beams/chest/beam.json	patches/satsu-3.5.3/data/satsu_iron_man_addon/palladium/powers/iron_man/marks/mark_15/beams/chest/beam.json	038ea87175458b6f0bfdae7afe1b505534330f20e63d5e78a3c338eec1662a01	74043dda6b8b38518c91b02f7489162831768b2e862764301d3624fa3788e882
Satsu_iron_man_addon-3.5.3.jar	data/satsu_iron_man_addon/palladium/powers/iron_man/marks/mark_15/beams/chest/energy_beams_powerfull_1.json	patches/satsu-3.5.3/data/satsu_iron_man_addon/palladium/powers/iron_man/marks/mark_15/beams/chest/energy_beams_powerfull_1.json	f2a8463c8844db7c4601a70f6fafd345424243622c553d517555c78791c0bfa0	6ea03cbf3d9a1be7953950d4a0f78436665546bed1542dd3bd01feb15afaccab
Satsu_iron_man_addon-3.5.3.jar	data/satsu_iron_man_addon/palladium/powers/iron_man/marks/mark_15/beams/chest/energy_beams_powerfull_2.json	patches/satsu-3.5.3/data/satsu_iron_man_addon/palladium/powers/iron_man/marks/mark_15/beams/chest/energy_beams_powerfull_2.json	dc886416d853e5b2ef264a2445b545d03c28bd1f2cdc5a279ddd2f290a036378	cb17097b29ed3121a36d2c9c60ae299a1834700269841a458452abcea7c0c728
Satsu_iron_man_addon-3.5.3.jar	data/satsu_iron_man_addon/palladium/powers/iron_man/marks/mark_16/beams/chest/beam.json	patches/satsu-3.5.3/data/satsu_iron_man_addon/palladium/powers/iron_man/marks/mark_16/beams/chest/beam.json	1e89eeb81c5422080e0b68db6482f808eb6eda7b72ea3445637a204d1ccababa	e0b560a4a7fc50ee48268030fef4439969918a86f38cc26c6580789247cc53bc
Satsu_iron_man_addon-3.5.3.jar	data/satsu_iron_man_addon/palladium/powers/iron_man/marks/mark_16/beams/chest/energy_beams_powerfull_1.json	patches/satsu-3.5.3/data/satsu_iron_man_addon/palladium/powers/iron_man/marks/mark_16/beams/chest/energy_beams_powerfull_1.json	93ae7f2ba8de7815db84e768edeff0695f9409598cc58ab3321a691586a97097	db8d9bf000876e23410875f7c2de115561d5153d5ce23a1dea476ecb90e3437c
Satsu_iron_man_addon-3.5.3.jar	data/satsu_iron_man_addon/palladium/powers/iron_man/marks/mark_16/beams/chest/energy_beams_powerfull_2.json	patches/satsu-3.5.3/data/satsu_iron_man_addon/palladium/powers/iron_man/marks/mark_16/beams/chest/energy_beams_powerfull_2.json	31b02bbbd6bfb42a7d0086cbe589fea1bc29827a6c50f1fe893ae4d65a5ba246	64072132e7b0203745f0fd7b29f107608f9e561649eb45d2e1c465a00019d243
Satsu_iron_man_addon-3.5.3.jar	data/satsu_iron_man_addon/palladium/powers/iron_man/marks/mark_17/beams/chest/beam.json	patches/satsu-3.5.3/data/satsu_iron_man_addon/palladium/powers/iron_man/marks/mark_17/beams/chest/beam.json	73a2abc27ab72b75a4b24f4f79a572f41d5173643ba16e0e88989a58872c1759	f171e9e52f22f890815c68fe39ef2d07962fa88a040a2984d9b400f20ad792df
Satsu_iron_man_addon-3.5.3.jar	data/satsu_iron_man_addon/palladium/powers/iron_man/marks/mark_17/beams/chest/energy_beams_powerfull_1.json	patches/satsu-3.5.3/data/satsu_iron_man_addon/palladium/powers/iron_man/marks/mark_17/beams/chest/energy_beams_powerfull_1.json	8feea414529939d8fd5806ac75e67ff9ef10790bfd0057f6b0b8bb31812ca704	c2c2e86351be3e3ebd59c16f2c1617134ca00525016be8d3ffee5620871b8cb0
Satsu_iron_man_addon-3.5.3.jar	data/satsu_iron_man_addon/palladium/powers/iron_man/marks/mark_17/beams/chest/energy_beams_powerfull_2.json	patches/satsu-3.5.3/data/satsu_iron_man_addon/palladium/powers/iron_man/marks/mark_17/beams/chest/energy_beams_powerfull_2.json	1c679f0e177d86b53deac70e1b95b04a9dc61ebdeeea88007040effc499355db	f820263c6e8fc1a13f2ec677529118a256753a360e902ca148eefd19720de969
Satsu_iron_man_addon-3.5.3.jar	data/satsu_iron_man_addon/palladium/powers/iron_man/marks/mark_17/beams/chest/energy_beams_powerfull_3.json	patches/satsu-3.5.3/data/satsu_iron_man_addon/palladium/powers/iron_man/marks/mark_17/beams/chest/energy_beams_powerfull_3.json	ec4cf974bbe1402e1f81869048abb7763988ae0268e3cbbc7224004a689bce53	89f48bedf4a55be930b8a0e8840a8f9c4195d73c3f55f780b13a874866fd7b0a
Satsu_iron_man_addon-3.5.3.jar	data/satsu_iron_man_addon/palladium/powers/iron_man/marks/mark_17/beams/chest/energy_beams_powerfull_4.json	patches/satsu-3.5.3/data/satsu_iron_man_addon/palladium/powers/iron_man/marks/mark_17/beams/chest/energy_beams_powerfull_4.json	b61f7642d488837bc9e3786ef5477c6af5ea9ccccb29cff1c16df84ebbde93f6	0556365ba1f3c00873193b66a76df82e5152d8492c37c5f46d614c4426a6c2d2
Satsu_iron_man_addon-3.5.3.jar	data/satsu_iron_man_addon/palladium/powers/iron_man/marks/mark_18/beams/chest/beam.json	patches/satsu-3.5.3/data/satsu_iron_man_addon/palladium/powers/iron_man/marks/mark_18/beams/chest/beam.json	5182ce7ad0764cead396aac98201bdce3fdfe3068827391d5753e670df15beeb	c62f557721cbe92853ae15ddec533a9c77a938468ad3650d8e83baae2d7d67d2
Satsu_iron_man_addon-3.5.3.jar	data/satsu_iron_man_addon/palladium/powers/iron_man/marks/mark_18/beams/chest/energy_beams_powerfull_1.json	patches/satsu-3.5.3/data/satsu_iron_man_addon/palladium/powers/iron_man/marks/mark_18/beams/chest/energy_beams_powerfull_1.json	40e27fe318fe13ddaec592442c611ebb7e118c6515d9d32633b0c45f9352e724	b50f33357df25923fdd5cbe9129eed901dd136e794b3dc1558bae63b64cb145c
Satsu_iron_man_addon-3.5.3.jar	data/satsu_iron_man_addon/palladium/powers/iron_man/marks/mark_18/beams/chest/energy_beams_powerfull_2.json	patches/satsu-3.5.3/data/satsu_iron_man_addon/palladium/powers/iron_man/marks/mark_18/beams/chest/energy_beams_powerfull_2.json	35a38e2ed61ba733cbc6f75635425da8d4c52d8e1d76ed1dd3ad739f9bc0367f	bdcc22a4e06c8a165d4229a082098adf04b1ea7e1252295bb1b9c21b1080f690
Satsu_iron_man_addon-3.5.3.jar	data/satsu_iron_man_addon/palladium/powers/iron_man/marks/mark_18/beams/chest/energy_beams_powerfull_3.json	patches/satsu-3.5.3/data/satsu_iron_man_addon/palladium/powers/iron_man/marks/mark_18/beams/chest/energy_beams_powerfull_3.json	c360a96bebbc39b7403438fb899c43b4510eaf72ee066d2044c29d786cfeb35e	4ca01ef0049db9d49ff608047a44e02c992ec6926a9447a5871b2dda5fd3cc36
Satsu_iron_man_addon-3.5.3.jar	data/satsu_iron_man_addon/palladium/powers/iron_man/marks/mark_18/beams/chest/energy_beams_powerfull_4.json	patches/satsu-3.5.3/data/satsu_iron_man_addon/palladium/powers/iron_man/marks/mark_18/beams/chest/energy_beams_powerfull_4.json	2a461025ef81f249a70ab728c2a8072ac2c092a4d3864e641c5e611ed804c82c	d937a109e50359da693adf417c31b038402ae9f6b4d3e03385cd7adc411208ab
Satsu_iron_man_addon-3.5.3.jar	data/satsu_iron_man_addon/palladium/powers/iron_man/marks/mark_1873_nano/beams/chest/beam.json	patches/satsu-3.5.3/data/satsu_iron_man_addon/palladium/powers/iron_man/marks/mark_1873_nano/beams/chest/beam.json	dff4d0ba2f784f9da1d97682717c2c57c8ffb386520cf317a118f030910060ea	55437e7ec54b95b99d72fbb20587fd0218ce959b98ad573e9ebe37f967bf3982
Satsu_iron_man_addon-3.5.3.jar	data/satsu_iron_man_addon/palladium/powers/iron_man/marks/mark_1873_nano/beams/chest/energy_beams_nano.json	patches/satsu-3.5.3/data/satsu_iron_man_addon/palladium/powers/iron_man/marks/mark_1873_nano/beams/chest/energy_beams_nano.json	efeeafae307b1e2495bd2dbf44e9d4e20ea9018b6fd5372d7b1c35fd0e38608c	2fb59d001cd11cbd409f630d0ea13520f86d9ffb083302da33e01778b20bf31d
Satsu_iron_man_addon-3.5.3.jar	data/satsu_iron_man_addon/palladium/powers/iron_man/marks/mark_1873_nano/beams/chest/energy_beams_powerfull_1.json	patches/satsu-3.5.3/data/satsu_iron_man_addon/palladium/powers/iron_man/marks/mark_1873_nano/beams/chest/energy_beams_powerfull_1.json	495af5c04e14d1f320f5523160cda031c69987656027a246fa4a418197dbcd71	849637053dbd98cb08c3344e0634649594423598271de37498c919b494963007
Satsu_iron_man_addon-3.5.3.jar	data/satsu_iron_man_addon/palladium/powers/iron_man/marks/mark_1873_nano/beams/chest/energy_beams_powerfull_2.json	patches/satsu-3.5.3/data/satsu_iron_man_addon/palladium/powers/iron_man/marks/mark_1873_nano/beams/chest/energy_beams_powerfull_2.json	99d63babc22820e6286e0dff2955fd15131d3fc764f93c24dd35c7db0ad52afe	d2b2d62242037e133316dd337eb7fbdd5139d6d5248ad9254bf04ba12f551543
Satsu_iron_man_addon-3.5.3.jar	data/satsu_iron_man_addon/palladium/powers/iron_man/marks/mark_19/beams/chest/beam.json	patches/satsu-3.5.3/data/satsu_iron_man_addon/palladium/powers/iron_man/marks/mark_19/beams/chest/beam.json	9b2622fb043be823efe9ebf050c76c02d8764f2fb0970ed3b70acbe69926b664	8d3ca6132f5b67ea346008ba3da651513d4f0c8e5951c358dca39dcbb894bbe6
Satsu_iron_man_addon-3.5.3.jar	data/satsu_iron_man_addon/palladium/powers/iron_man/marks/mark_19/beams/chest/energy_beams_powerfull_1.json	patches/satsu-3.5.3/data/satsu_iron_man_addon/palladium/powers/iron_man/marks/mark_19/beams/chest/energy_beams_powerfull_1.json	262167ca18d41387cbf822682cfc858d560f519ea1bd61477f40225373c7cf4f	2264cb5a770dcbc63c72ea7a3c3864131dcfc7f15b68fa61533c28c0605a6208
Satsu_iron_man_addon-3.5.3.jar	data/satsu_iron_man_addon/palladium/powers/iron_man/marks/mark_19/beams/chest/energy_beams_powerfull_2.json	patches/satsu-3.5.3/data/satsu_iron_man_addon/palladium/powers/iron_man/marks/mark_19/beams/chest/energy_beams_powerfull_2.json	15e133bb406efa2a555c556217a8a4521dcb8ece3e06631e72b2f995f9b914ae	792acb525d02f5e32f144ea2f635fae221861b44ffe79d7c652b731e0a8d4ae6
Satsu_iron_man_addon-3.5.3.jar	data/satsu_iron_man_addon/palladium/powers/iron_man/marks/mark_20/beams/chest/beam.json	patches/satsu-3.5.3/data/satsu_iron_man_addon/palladium/powers/iron_man/marks/mark_20/beams/chest/beam.json	0f341ca22824ba9792023bc727fd9983e852161a7a12d619f11aed62c36962c3	70dd7e3c56b14d315de582cd8d49620a6ff588d1f652e7da3a3b16bf6d260806
Satsu_iron_man_addon-3.5.3.jar	data/satsu_iron_man_addon/palladium/powers/iron_man/marks/mark_20/beams/chest/energy_beams_powerfull_1.json	patches/satsu-3.5.3/data/satsu_iron_man_addon/palladium/powers/iron_man/marks/mark_20/beams/chest/energy_beams_powerfull_1.json	0f1233ca27e18d231310131d59e175cd2e0f4994cd6735efd902dffd135f93bb	7cf54a4ce14d489398b4d9342102958bebf5ec78a8893e09e1e57035126ec33c
Satsu_iron_man_addon-3.5.3.jar	data/satsu_iron_man_addon/palladium/powers/iron_man/marks/mark_20/beams/chest/energy_beams_powerfull_2.json	patches/satsu-3.5.3/data/satsu_iron_man_addon/palladium/powers/iron_man/marks/mark_20/beams/chest/energy_beams_powerfull_2.json	d3ec3c9fe63c081ab6e6fecfd6b75558de1df911d333ad3bb1f52c22c5e5d97a	88bbe941878144a90474ad90d35e8f2bb6f0c465b87174d3c2463ca677173c3e
Satsu_iron_man_addon-3.5.3.jar	data/satsu_iron_man_addon/palladium/powers/iron_man/marks/mark_21/beams/chest/beam.json	patches/satsu-3.5.3/data/satsu_iron_man_addon/palladium/powers/iron_man/marks/mark_21/beams/chest/beam.json	952e6fc63548b168772a2bdca58677ac5586967dbbe4c938f365ccd748f2e1d4	31a3a381ca47fe31729433d4afa9dc42c7dd66feb48b6ed7cc724d5aa7b727e8
Satsu_iron_man_addon-3.5.3.jar	data/satsu_iron_man_addon/palladium/powers/iron_man/marks/mark_21/beams/chest/energy_beams_powerfull_1.json	patches/satsu-3.5.3/data/satsu_iron_man_addon/palladium/powers/iron_man/marks/mark_21/beams/chest/energy_beams_powerfull_1.json	41977ed17acca4de89005fccc6825f57f4f0f8790004cbbb37a3930b1f926829	e777e9bba560cbfa6af64642fcb671d1852c07fecccc3afd190a0fec1eb011bb
Satsu_iron_man_addon-3.5.3.jar	data/satsu_iron_man_addon/palladium/powers/iron_man/marks/mark_21/beams/chest/energy_beams_powerfull_2.json	patches/satsu-3.5.3/data/satsu_iron_man_addon/palladium/powers/iron_man/marks/mark_21/beams/chest/energy_beams_powerfull_2.json	425a57a9ed683dc513dfa05d882f6254cc010ae6b86c4cae3c1cb81688f2252f	0084fc8dd646b9c3ac335b25496584084e8fb8fbaf281845d7aaa921ecbedf3c
Satsu_iron_man_addon-3.5.3.jar	data/satsu_iron_man_addon/palladium/powers/iron_man/marks/mark_22/beams/chest/beam.json	patches/satsu-3.5.3/data/satsu_iron_man_addon/palladium/powers/iron_man/marks/mark_22/beams/chest/beam.json	20f6c206eead3b0f0f8c31bb4d40ca7db11f91234b1156d253e5fd125b94e156	7cfbcf68b190755655ff14218f2a76388e9a2b1846011c1fd651f0168d20bb58
Satsu_iron_man_addon-3.5.3.jar	data/satsu_iron_man_addon/palladium/powers/iron_man/marks/mark_22/beams/chest/energy_beams_powerfull_1.json	patches/satsu-3.5.3/data/satsu_iron_man_addon/palladium/powers/iron_man/marks/mark_22/beams/chest/energy_beams_powerfull_1.json	83ceb45fa57b0d085ed55795152bb5d1e855fab151438b0aa1f2ffda2b88d16d	c0a9d8bc37f3188faa1233457ddd9a4bf41d54b95850264824a7eaef5fd890cb
Satsu_iron_man_addon-3.5.3.jar	data/satsu_iron_man_addon/palladium/powers/iron_man/marks/mark_22/beams/chest/energy_beams_powerfull_2.json	patches/satsu-3.5.3/data/satsu_iron_man_addon/palladium/powers/iron_man/marks/mark_22/beams/chest/energy_beams_powerfull_2.json	c6b3a7e4049b16712a953da977e6790dafa05a29f7309849ae257358b7607f92	8f0fb10451df8dea9178aacd2632d2687c80d097f84c46926211d16f9c967f95
Satsu_iron_man_addon-3.5.3.jar	data/satsu_iron_man_addon/palladium/powers/iron_man/marks/mark_23/beams/chest/beam.json	patches/satsu-3.5.3/data/satsu_iron_man_addon/palladium/powers/iron_man/marks/mark_23/beams/chest/beam.json	d24cd6a9d5f0b7a0652fabd935b2dd72c69389fe458a742c2af1e766f249cd6b	9872ccfd3cbdd7cc59b7f7ff23a5bfafc1ddf48af58e398d016d1131a9356680
Satsu_iron_man_addon-3.5.3.jar	data/satsu_iron_man_addon/palladium/powers/iron_man/marks/mark_23/beams/chest/energy_beams_powerfull_1.json	patches/satsu-3.5.3/data/satsu_iron_man_addon/palladium/powers/iron_man/marks/mark_23/beams/chest/energy_beams_powerfull_1.json	af4145948929d65fac04b6c5187e1ea678ded2a34e320b3521121937930cf8e5	26e0abd8394429ae96d5107bf356d225decfdfd91f3c7e7c2f1050b7b69920f4
Satsu_iron_man_addon-3.5.3.jar	data/satsu_iron_man_addon/palladium/powers/iron_man/marks/mark_23/beams/chest/energy_beams_powerfull_2.json	patches/satsu-3.5.3/data/satsu_iron_man_addon/palladium/powers/iron_man/marks/mark_23/beams/chest/energy_beams_powerfull_2.json	f9bc03c5f3950981bd82ff3d286021e83cc759b9c2ce75b1ea13c745199ed665	9c1b9e72d10198c9edc3b6c58c2719a66f0e1330c24ec261a0c62abb2af8e58a
Satsu_iron_man_addon-3.5.3.jar	data/satsu_iron_man_addon/palladium/powers/iron_man/marks/mark_24/beams/chest/beam.json	patches/satsu-3.5.3/data/satsu_iron_man_addon/palladium/powers/iron_man/marks/mark_24/beams/chest/beam.json	ee686764cd4e7c2d88f9d95040e2a5732ea082ded59a780fd53e57a3206af322	c52317aa1fe3587d7319e56c1a882251ea62a5e201d9d6d7753ded32d2c2c64f
Satsu_iron_man_addon-3.5.3.jar	data/satsu_iron_man_addon/palladium/powers/iron_man/marks/mark_24/beams/chest/energy_beams_powerfull_1.json	patches/satsu-3.5.3/data/satsu_iron_man_addon/palladium/powers/iron_man/marks/mark_24/beams/chest/energy_beams_powerfull_1.json	28804691b650621acb488805e597b184630f1cb2bebb0a3b89200a417024ecc5	d89e85e3c0bfe752ce4c0ceca090f78519ce1334564d8e19cc4a326e297c4262
Satsu_iron_man_addon-3.5.3.jar	data/satsu_iron_man_addon/palladium/powers/iron_man/marks/mark_24/beams/chest/energy_beams_powerfull_2.json	patches/satsu-3.5.3/data/satsu_iron_man_addon/palladium/powers/iron_man/marks/mark_24/beams/chest/energy_beams_powerfull_2.json	2c5b423d0b8abc97e6fc3d20decd529af5e9107a95df14fa90d87223148a1852	05eb497e92e06a2341c634afc938aa0b7ba319e78a6c8ba619993785fac3d202
Satsu_iron_man_addon-3.5.3.jar	data/satsu_iron_man_addon/palladium/powers/iron_man/marks/mark_24/beams/chest/energy_beams_powerfull_3.json	patches/satsu-3.5.3/data/satsu_iron_man_addon/palladium/powers/iron_man/marks/mark_24/beams/chest/energy_beams_powerfull_3.json	92614c4f223944fdf17fcd84e3bf469728f42b3ee0b46addf62664fbbbb9956f	7da4ab5e097214b1ad8697d4e29b4c32995b511728309e5c1ec665c2f288e6ed
Satsu_iron_man_addon-3.5.3.jar	data/satsu_iron_man_addon/palladium/powers/iron_man/marks/mark_24/beams/chest/energy_beams_powerfull_4.json	patches/satsu-3.5.3/data/satsu_iron_man_addon/palladium/powers/iron_man/marks/mark_24/beams/chest/energy_beams_powerfull_4.json	031982c3f186e431d8e560c70a28d969b4c444d1b9f94cb50f3e4364572e0939	08ae6320ed19ec67c88f1abfc25b09219992f4a1af0792b115e2e772a6696bf8
Satsu_iron_man_addon-3.5.3.jar	data/satsu_iron_man_addon/palladium/powers/iron_man/marks/mark_25/beams/chest/beam.json	patches/satsu-3.5.3/data/satsu_iron_man_addon/palladium/powers/iron_man/marks/mark_25/beams/chest/beam.json	f2f01b2257d1016157639eb52da42f98f5685b8321089e73572efef3e88c93d3	f3152de6cfd32370f5160bb49574b257ad128122317b0d349584f98b7fc5f440
Satsu_iron_man_addon-3.5.3.jar	data/satsu_iron_man_addon/palladium/powers/iron_man/marks/mark_25/beams/chest/energy_beams_powerfull_1.json	patches/satsu-3.5.3/data/satsu_iron_man_addon/palladium/powers/iron_man/marks/mark_25/beams/chest/energy_beams_powerfull_1.json	05aa2da269f76d43b0524b66ee75149a50af555ac6c543c0469a858c2b224d95	dfb460736eb94310d154aaa4be857a54762dadbbbbe7dd1c77919d377af17f75
Satsu_iron_man_addon-3.5.3.jar	data/satsu_iron_man_addon/palladium/powers/iron_man/marks/mark_25/beams/chest/energy_beams_powerfull_2.json	patches/satsu-3.5.3/data/satsu_iron_man_addon/palladium/powers/iron_man/marks/mark_25/beams/chest/energy_beams_powerfull_2.json	364d9a4ec16987726380f4511aebe3a5dcba3c9d97b4ccce490869a31f1801ce	859b9b20d61e5ee8a5b577b00f9efa4a847c9f77e39caa29bb96e0b0059a0010
Satsu_iron_man_addon-3.5.3.jar	data/satsu_iron_man_addon/palladium/powers/iron_man/marks/mark_26/beams/chest/beam.json	patches/satsu-3.5.3/data/satsu_iron_man_addon/palladium/powers/iron_man/marks/mark_26/beams/chest/beam.json	e3e8618b5e217b44c8cbe1703d012f7cfb1f8c671bbd89d7e38349eaa3f8847d	a83e3569beb0a04b955b3bf4ad4aeabcfd8629a42babe058e2038050d7f1985f
Satsu_iron_man_addon-3.5.3.jar	data/satsu_iron_man_addon/palladium/powers/iron_man/marks/mark_26/beams/chest/energy_beams_powerfull_1.json	patches/satsu-3.5.3/data/satsu_iron_man_addon/palladium/powers/iron_man/marks/mark_26/beams/chest/energy_beams_powerfull_1.json	0b2d3abe34a7782490c32d268a93ef2f75d97c8be9aad55a0efd2ce63902a71d	549cd7d3715ce901d82b09616c1e9978e87df1f6a8edef2a952a5fd412d5fb6a
Satsu_iron_man_addon-3.5.3.jar	data/satsu_iron_man_addon/palladium/powers/iron_man/marks/mark_26/beams/chest/energy_beams_powerfull_2.json	patches/satsu-3.5.3/data/satsu_iron_man_addon/palladium/powers/iron_man/marks/mark_26/beams/chest/energy_beams_powerfull_2.json	1f1e504743434a3e5653c726f16585c539adccb643fb5e54c31132db8dc228a7	9eb9ac183688bec36fd47e5c39bc80779a63fc1a7b3842041bbc8d81ab2b85b8
Satsu_iron_man_addon-3.5.3.jar	data/satsu_iron_man_addon/palladium/powers/iron_man/marks/mark_27/beams/chest/beam.json	patches/satsu-3.5.3/data/satsu_iron_man_addon/palladium/powers/iron_man/marks/mark_27/beams/chest/beam.json	5beaaed1aa3eee3c4db7eed557ec8312c9a0fa9bcf6c7be807dd383a9e554261	8bac67dd6191e928f2460014201d9e824de3f68e0b4e69654c9c5ac57d9b9e89
Satsu_iron_man_addon-3.5.3.jar	data/satsu_iron_man_addon/palladium/powers/iron_man/marks/mark_27/beams/chest/energy_beams_powerfull_1.json	patches/satsu-3.5.3/data/satsu_iron_man_addon/palladium/powers/iron_man/marks/mark_27/beams/chest/energy_beams_powerfull_1.json	d8efdbe1207d87156e9bf242c6c70317d5649d8fa70e849252dd879e5e4258af	42ba30cfeaccbfe6ccae36a2702ba7ac83e7a30e51d54c695487c16c1a97c93c
Satsu_iron_man_addon-3.5.3.jar	data/satsu_iron_man_addon/palladium/powers/iron_man/marks/mark_27/beams/chest/energy_beams_powerfull_2.json	patches/satsu-3.5.3/data/satsu_iron_man_addon/palladium/powers/iron_man/marks/mark_27/beams/chest/energy_beams_powerfull_2.json	0f7726885e5004564451a1ee0f5a6c7d751b49f94661bc9b4ef508aefa002747	abc1b276f3a8542491ff6fd687974ef8264c3af8cd3c93fad3b9936183cc43e4
Satsu_iron_man_addon-3.5.3.jar	data/satsu_iron_man_addon/palladium/powers/iron_man/marks/mark_28/beams/chest/beam.json	patches/satsu-3.5.3/data/satsu_iron_man_addon/palladium/powers/iron_man/marks/mark_28/beams/chest/beam.json	d7675579060393dd0982719c240950e2c6587d51e029a550ca4b4417e5a0b454	222e843c3cbb7ff12f38245e3c864cdf73455f9e5d9cb215e5dd91cd4b08cb83
Satsu_iron_man_addon-3.5.3.jar	data/satsu_iron_man_addon/palladium/powers/iron_man/marks/mark_28/beams/chest/energy_beams_powerfull_1.json	patches/satsu-3.5.3/data/satsu_iron_man_addon/palladium/powers/iron_man/marks/mark_28/beams/chest/energy_beams_powerfull_1.json	e542500521543bcfda1658b6b32bf46454449fc0d7a735bea3d55759df72cc7a	02d6a9d231c3d4b8acf6206ff4215a1c27ad3dc72c0a9a2501d2d1cf86458a83
Satsu_iron_man_addon-3.5.3.jar	data/satsu_iron_man_addon/palladium/powers/iron_man/marks/mark_28/beams/chest/energy_beams_powerfull_2.json	patches/satsu-3.5.3/data/satsu_iron_man_addon/palladium/powers/iron_man/marks/mark_28/beams/chest/energy_beams_powerfull_2.json	e13dda396adfd8469719daed8ba95b16f5063f3cc7b9ff915b5171781939bd79	1500baea923b672cfd3860a7c148aed27dcf917214f2b04c9b95cd67081ec9aa
Satsu_iron_man_addon-3.5.3.jar	data/satsu_iron_man_addon/palladium/powers/iron_man/marks/mark_29/beams/chest/beam.json	patches/satsu-3.5.3/data/satsu_iron_man_addon/palladium/powers/iron_man/marks/mark_29/beams/chest/beam.json	ec40ae8c016cb2a6bf249e454d802ca8fb5a3f7bd0a32601eed08d202eaaed8b	05790eaf2fe2a80574419e34bd2f7f86d8266a972918d1a17bf917501e277b48
Satsu_iron_man_addon-3.5.3.jar	data/satsu_iron_man_addon/palladium/powers/iron_man/marks/mark_29/beams/chest/energy_beams_powerfull_1.json	patches/satsu-3.5.3/data/satsu_iron_man_addon/palladium/powers/iron_man/marks/mark_29/beams/chest/energy_beams_powerfull_1.json	debf80c218b1e2d1dfcba6e18e80e5d4e89eab93974521656080211bcbf875a1	415ee803b3ab2c2f04089239e55c3376cf30df340bf0cc81d05765f6cad2ffaf
Satsu_iron_man_addon-3.5.3.jar	data/satsu_iron_man_addon/palladium/powers/iron_man/marks/mark_29/beams/chest/energy_beams_powerfull_2.json	patches/satsu-3.5.3/data/satsu_iron_man_addon/palladium/powers/iron_man/marks/mark_29/beams/chest/energy_beams_powerfull_2.json	0fdd5de58c166e0e7e931215c7571d1115a3142cfbf283707477a2627cce7b13	dc80bd4d6903009bc95e3af56c31d1b1a3f4d1e119d54f51e086f431b2c9b19d
Satsu_iron_man_addon-3.5.3.jar	data/satsu_iron_man_addon/palladium/powers/iron_man/marks/mark_29/beams/chest/energy_beams_powerfull_3.json	patches/satsu-3.5.3/data/satsu_iron_man_addon/palladium/powers/iron_man/marks/mark_29/beams/chest/energy_beams_powerfull_3.json	5f9934dc16ac363c120c23d82bab4057e242b24e20c121f189ca00188a057f57	5d41e8cba0afe2504a95b776a4d830cfaacc0c9c7099320e01d4d48ad094e516
Satsu_iron_man_addon-3.5.3.jar	data/satsu_iron_man_addon/palladium/powers/iron_man/marks/mark_29/beams/chest/energy_beams_powerfull_4.json	patches/satsu-3.5.3/data/satsu_iron_man_addon/palladium/powers/iron_man/marks/mark_29/beams/chest/energy_beams_powerfull_4.json	2a29bebc1182d6bf4f398b870193835cbe5e8b30a278593ce525e21d0e9926e2	2ee213ff83626382c278e9d61d53acc2ddc35376163f4eb7f39d8a716ca0f2df
Satsu_iron_man_addon-3.5.3.jar	data/satsu_iron_man_addon/palladium/powers/iron_man/marks/mark_30/beams/chest/beam.json	patches/satsu-3.5.3/data/satsu_iron_man_addon/palladium/powers/iron_man/marks/mark_30/beams/chest/beam.json	5828e1c5090881966b7fc4b81085d8a6006ff781a55838a025c25498b9526c77	960cc935e557f4d5fcdae074162266629983a2d7ab5ea76bd2dadd991896bea4
Satsu_iron_man_addon-3.5.3.jar	data/satsu_iron_man_addon/palladium/powers/iron_man/marks/mark_30/beams/chest/energy_beams_powerfull_1.json	patches/satsu-3.5.3/data/satsu_iron_man_addon/palladium/powers/iron_man/marks/mark_30/beams/chest/energy_beams_powerfull_1.json	8839d048a47571f7c945c2f719ec9ee19135dcbde1834998b4ccfd1fc78b4e75	8b58c7719f0c36940acebe7af41f7bcc6551b4137ad38ec6eacc30eb2527bcf4
Satsu_iron_man_addon-3.5.3.jar	data/satsu_iron_man_addon/palladium/powers/iron_man/marks/mark_30/beams/chest/energy_beams_powerfull_2.json	patches/satsu-3.5.3/data/satsu_iron_man_addon/palladium/powers/iron_man/marks/mark_30/beams/chest/energy_beams_powerfull_2.json	a7931ebebc5e161bafdcdfa3b604cc1c00ffa185775b70f9d4434738f27f6deb	491c2ef195757096c117c6c55e1c81717b86265df6e0e1a2c4717a2c2b943ee3
Satsu_iron_man_addon-3.5.3.jar	data/satsu_iron_man_addon/palladium/powers/iron_man/marks/mark_31/beams/chest/beam.json	patches/satsu-3.5.3/data/satsu_iron_man_addon/palladium/powers/iron_man/marks/mark_31/beams/chest/beam.json	898e9c56541065086d4f9b861ad9527cf238804606495fb20bc6737afb63cfaa	6feb21d11ea64cae85ea350035174059da088db04efcf0fe4fc2c19b58e6929f
Satsu_iron_man_addon-3.5.3.jar	data/satsu_iron_man_addon/palladium/powers/iron_man/marks/mark_31/beams/chest/energy_beams_powerfull_1.json	patches/satsu-3.5.3/data/satsu_iron_man_addon/palladium/powers/iron_man/marks/mark_31/beams/chest/energy_beams_powerfull_1.json	4fe2eb862ff4c2df7119d546a553ced5ba0f8144263488d2a3a3b3990885014d	c7925fbb357f99713e7cf66e2d40523c67fa9ae7a948bdf7f869276415b17cbd
Satsu_iron_man_addon-3.5.3.jar	data/satsu_iron_man_addon/palladium/powers/iron_man/marks/mark_31/beams/chest/energy_beams_powerfull_2.json	patches/satsu-3.5.3/data/satsu_iron_man_addon/palladium/powers/iron_man/marks/mark_31/beams/chest/energy_beams_powerfull_2.json	ec1430e1d24d9ce54d71f6101e50c60f9936fea568dfb848bc410528e9b347fe	6ebdbc19dbc4f41e734f01f1fc540a0edf45bb2ea79fe2f23a9c9e56efbdc5a6
Satsu_iron_man_addon-3.5.3.jar	data/satsu_iron_man_addon/palladium/powers/iron_man/marks/mark_32/beams/chest/beam.json	patches/satsu-3.5.3/data/satsu_iron_man_addon/palladium/powers/iron_man/marks/mark_32/beams/chest/beam.json	e16ed62cc9ce6ffa34c0edf8b2306e181f8aea5d4ca584c6a643bbbcde57b537	fb777d950e17a1b3d37a69f72358a6acb7c0476b1e0104b83f780d558aa91866
Satsu_iron_man_addon-3.5.3.jar	data/satsu_iron_man_addon/palladium/powers/iron_man/marks/mark_32/beams/chest/energy_beams_powerfull_1.json	patches/satsu-3.5.3/data/satsu_iron_man_addon/palladium/powers/iron_man/marks/mark_32/beams/chest/energy_beams_powerfull_1.json	8bd60538c65e11cc7c22789d3eca4966e6479d05cd6f7ff4f8f443c6e5352b41	11cd7ffd3dfd618e191a41d25cb4e5b7443e3426bf9a74d86faf80a3fe8b01e8
Satsu_iron_man_addon-3.5.3.jar	data/satsu_iron_man_addon/palladium/powers/iron_man/marks/mark_32/beams/chest/energy_beams_powerfull_2.json	patches/satsu-3.5.3/data/satsu_iron_man_addon/palladium/powers/iron_man/marks/mark_32/beams/chest/energy_beams_powerfull_2.json	003baf52834e4bf3ef47e6aebd3ecaca110749fc097ea2a264ebb17e3981e81f	c47418eeaf87d541def8586f09b09e4243833386d7152c231507c6ea0381144a
Satsu_iron_man_addon-3.5.3.jar	data/satsu_iron_man_addon/palladium/powers/iron_man/marks/mark_32/beams/chest/energy_beams_powerfull_3.json	patches/satsu-3.5.3/data/satsu_iron_man_addon/palladium/powers/iron_man/marks/mark_32/beams/chest/energy_beams_powerfull_3.json	08f622c468577c13b27f46a146aac340306c55d459bad22fe614ba7becb43caf	80773d1dd8c6ab34ff014820761bac02ca1f60695a4fbc7737c8bef7f6d6bd5a
Satsu_iron_man_addon-3.5.3.jar	data/satsu_iron_man_addon/palladium/powers/iron_man/marks/mark_32/beams/chest/energy_beams_powerfull_4.json	patches/satsu-3.5.3/data/satsu_iron_man_addon/palladium/powers/iron_man/marks/mark_32/beams/chest/energy_beams_powerfull_4.json	972f4b92330f59c8f3fce462d76f7d7bd2e700fd8369f4686b7b76c155cea0eb	92749dc5fa6fde023c711e90e6277c7b446a11e0ecaa58f6e0888b75946437f9
Satsu_iron_man_addon-3.5.3.jar	data/satsu_iron_man_addon/palladium/powers/iron_man/marks/mark_33/beams/chest/beam.json	patches/satsu-3.5.3/data/satsu_iron_man_addon/palladium/powers/iron_man/marks/mark_33/beams/chest/beam.json	36b791133c02efccbc79893850dc8ed5585b212f51960379b782e485f2fc67ad	c5b7346d5f0ba6606c43297d87ec9bded8f36af70b0b129765fc3e6068f7f6ee
Satsu_iron_man_addon-3.5.3.jar	data/satsu_iron_man_addon/palladium/powers/iron_man/marks/mark_33/beams/chest/energy_beams_powerfull_1.json	patches/satsu-3.5.3/data/satsu_iron_man_addon/palladium/powers/iron_man/marks/mark_33/beams/chest/energy_beams_powerfull_1.json	a39164b5e24c526aa9a285f6cb9fa9aadc98f28ad70755ee2501f4186b675410	f30710d7b6d00a01a6763a154da27630d6681e178030930e274ec478af448be9
Satsu_iron_man_addon-3.5.3.jar	data/satsu_iron_man_addon/palladium/powers/iron_man/marks/mark_33/beams/chest/energy_beams_powerfull_2.json	patches/satsu-3.5.3/data/satsu_iron_man_addon/palladium/powers/iron_man/marks/mark_33/beams/chest/energy_beams_powerfull_2.json	67efa206dfb0678be4e78ec2804caff90f65c4dc43cd2c55414fee58281d3648	e48817933f44a86ba8719662dafeb9002a8dc3962e9633a83b534be5e1e9a391
Satsu_iron_man_addon-3.5.3.jar	data/satsu_iron_man_addon/palladium/powers/iron_man/marks/mark_34/beams/chest/beam.json	patches/satsu-3.5.3/data/satsu_iron_man_addon/palladium/powers/iron_man/marks/mark_34/beams/chest/beam.json	747dd65c9cdcf40228dfa586eb9d5677fb0c1b1287820aef8be46c60b189a841	f0afd2d2998349e69d29098fc9f2136929390b7af4398c4f6b9d1c2518f2f25d
Satsu_iron_man_addon-3.5.3.jar	data/satsu_iron_man_addon/palladium/powers/iron_man/marks/mark_34/beams/chest/energy_beams_powerfull_1.json	patches/satsu-3.5.3/data/satsu_iron_man_addon/palladium/powers/iron_man/marks/mark_34/beams/chest/energy_beams_powerfull_1.json	b352d7b85d3273a678a5b9de86bb3a1398869deb7410674d15ace503639c7caa	768e30d61507f8bcddb02e9a9b1ce3fd7624e962239442672b44656c8e66c9cf
Satsu_iron_man_addon-3.5.3.jar	data/satsu_iron_man_addon/palladium/powers/iron_man/marks/mark_34/beams/chest/energy_beams_powerfull_2.json	patches/satsu-3.5.3/data/satsu_iron_man_addon/palladium/powers/iron_man/marks/mark_34/beams/chest/energy_beams_powerfull_2.json	cad5fe18cc85c74d15945879a95eac2d1dd38a3e339ca1457f0a6b6ea2c334fa	692a45a577340ca61742eb441d01c4538a6f4bf3c554671b0838163a1215848f
Satsu_iron_man_addon-3.5.3.jar	data/satsu_iron_man_addon/palladium/powers/iron_man/marks/mark_35/beams/chest/beam.json	patches/satsu-3.5.3/data/satsu_iron_man_addon/palladium/powers/iron_man/marks/mark_35/beams/chest/beam.json	4e5e3ef634ffd320dfa619bfb1544fab77c1ee5a2c8d5874f6f4588baffef841	19a2ae11ff4bc8357cfe45e2527988fc3730a49cc98caf2a45bc9862a9051005
Satsu_iron_man_addon-3.5.3.jar	data/satsu_iron_man_addon/palladium/powers/iron_man/marks/mark_35/beams/chest/energy_beams_powerfull_1.json	patches/satsu-3.5.3/data/satsu_iron_man_addon/palladium/powers/iron_man/marks/mark_35/beams/chest/energy_beams_powerfull_1.json	221fbb48a46054f2e2f5ef2fa8cc7e83f0d475544a6ac11563eb0aba89d3f139	c37d2a0c93587358da27519751ab33d2b7842a50bf561c43b17064376694c10b
Satsu_iron_man_addon-3.5.3.jar	data/satsu_iron_man_addon/palladium/powers/iron_man/marks/mark_35/beams/chest/energy_beams_powerfull_2.json	patches/satsu-3.5.3/data/satsu_iron_man_addon/palladium/powers/iron_man/marks/mark_35/beams/chest/energy_beams_powerfull_2.json	738995685c0f920efa6ee1f442eddef2f692309fd2b26541bd7f84ca896a140e	a330233413738501f67b7071b892ba2c664ab3240e9a4dd78b0d4386f8fcfa07
Satsu_iron_man_addon-3.5.3.jar	data/satsu_iron_man_addon/palladium/powers/iron_man/marks/mark_36/beams/chest/beam.json	patches/satsu-3.5.3/data/satsu_iron_man_addon/palladium/powers/iron_man/marks/mark_36/beams/chest/beam.json	7963928ae34d4d4b8bce25b44925d9da4648d95fb005537a72da6838d6446370	babde5ee06f2b6d64fce0c2ef603c7d4de5303bc3494d111b8d959ca88ef367a
Satsu_iron_man_addon-3.5.3.jar	data/satsu_iron_man_addon/palladium/powers/iron_man/marks/mark_36/beams/chest/energy_beams_powerfull_1.json	patches/satsu-3.5.3/data/satsu_iron_man_addon/palladium/powers/iron_man/marks/mark_36/beams/chest/energy_beams_powerfull_1.json	14c730d64e3bfa0462af159e0f27f4fbd58222d6c785b2380d8c6220542f5a3e	26261d5ac69d935b72de4617f3d0b1f646112daa3559643243e5b4dc0b730e6d
Satsu_iron_man_addon-3.5.3.jar	data/satsu_iron_man_addon/palladium/powers/iron_man/marks/mark_36/beams/chest/energy_beams_powerfull_2.json	patches/satsu-3.5.3/data/satsu_iron_man_addon/palladium/powers/iron_man/marks/mark_36/beams/chest/energy_beams_powerfull_2.json	4a81c721591eddde306675951d91d76d75461d14d12b44a86a83997565a94bb3	4e7ca1dca441d8414493be8e837876b80aacc0818e0ea060c09d002d7d18b35f
Satsu_iron_man_addon-3.5.3.jar	data/satsu_iron_man_addon/palladium/powers/iron_man/marks/mark_37/beams/chest/beam.json	patches/satsu-3.5.3/data/satsu_iron_man_addon/palladium/powers/iron_man/marks/mark_37/beams/chest/beam.json	9a30b7bf20e2b6504b852cdcfc93d776ac7e6f8fab0940acf5e026e2d88546e9	b0b9e70de3fe239d9c5ca2dc5feae9a48723e0f1d65ee820997e46e8c5bfe8a0
Satsu_iron_man_addon-3.5.3.jar	data/satsu_iron_man_addon/palladium/powers/iron_man/marks/mark_37/beams/chest/energy_beams_powerfull_1.json	patches/satsu-3.5.3/data/satsu_iron_man_addon/palladium/powers/iron_man/marks/mark_37/beams/chest/energy_beams_powerfull_1.json	d0abd2ed9e4a9a0143cd72f43e458614ce22f4ebd74d71d6ac7941efe89a736d	6e01352bac47ac527d9a5fe6f6b0bce38716a9593fe4cfffc593518782c6d1de
Satsu_iron_man_addon-3.5.3.jar	data/satsu_iron_man_addon/palladium/powers/iron_man/marks/mark_37/beams/chest/energy_beams_powerfull_2.json	patches/satsu-3.5.3/data/satsu_iron_man_addon/palladium/powers/iron_man/marks/mark_37/beams/chest/energy_beams_powerfull_2.json	90d5b0fbbb7c473a12b6661ce997f8d156f2f9f322c11a582a582b2435723757	c08cb869a4b583a599badae10b0905b1ea4473c28569ef09092a69e9ec5ed502
Satsu_iron_man_addon-3.5.3.jar	data/satsu_iron_man_addon/palladium/powers/iron_man/marks/mark_38/beams/chest/beam.json	patches/satsu-3.5.3/data/satsu_iron_man_addon/palladium/powers/iron_man/marks/mark_38/beams/chest/beam.json	cf73f31fd74c65a93b9b3d777c92d31c2c9089bcafababfd1dc0b497f7225ef1	f15f69d369eb0aaa1583486f3e047afb03d93f0ff1c719f5cc8dd23d0d4cb4da
Satsu_iron_man_addon-3.5.3.jar	data/satsu_iron_man_addon/palladium/powers/iron_man/marks/mark_38/beams/chest/energy_beams_powerfull_1.json	patches/satsu-3.5.3/data/satsu_iron_man_addon/palladium/powers/iron_man/marks/mark_38/beams/chest/energy_beams_powerfull_1.json	980ae6b85aa0d14fe8cfe60f3117956efabd2642f2743b998b8b4216a92782cd	ab2129517bd4b143c6b1cb63be76933bcfcf5598128f131bc69686508bf6faa3
Satsu_iron_man_addon-3.5.3.jar	data/satsu_iron_man_addon/palladium/powers/iron_man/marks/mark_38/beams/chest/energy_beams_powerfull_2.json	patches/satsu-3.5.3/data/satsu_iron_man_addon/palladium/powers/iron_man/marks/mark_38/beams/chest/energy_beams_powerfull_2.json	23c9cd12fbdd48eb61ba617b7da248565ae71f5c6d7a0850d1959b4089bda6f7	301c09ffe4787894ddae4a17f7821fa5bbe95dcc0c5980d8916294af011294ea
Satsu_iron_man_addon-3.5.3.jar	data/satsu_iron_man_addon/palladium/powers/iron_man/marks/mark_39/beams/chest/beam.json	patches/satsu-3.5.3/data/satsu_iron_man_addon/palladium/powers/iron_man/marks/mark_39/beams/chest/beam.json	fbb31432e4603d2cba48a306d5e7560e21f7b5e7434b9dbd3b244cd8d4440557	72f8478d872e6d8da54ee84e79af3c9f3733951aafc8f5ed37c7590b32a72e70
Satsu_iron_man_addon-3.5.3.jar	data/satsu_iron_man_addon/palladium/powers/iron_man/marks/mark_39/beams/chest/energy_beams_powerfull_1.json	patches/satsu-3.5.3/data/satsu_iron_man_addon/palladium/powers/iron_man/marks/mark_39/beams/chest/energy_beams_powerfull_1.json	0ebeede54d3b9ddeefa8fca10cf63d87aba4e57fdc37a0a6abc05305d238fd9d	45539a8d78dbc604656bc006857b280d590f64bd92b9b49e792fa44865bece6e
Satsu_iron_man_addon-3.5.3.jar	data/satsu_iron_man_addon/palladium/powers/iron_man/marks/mark_39/beams/chest/energy_beams_powerfull_2.json	patches/satsu-3.5.3/data/satsu_iron_man_addon/palladium/powers/iron_man/marks/mark_39/beams/chest/energy_beams_powerfull_2.json	69d68a44443b18fbe5dcc0ca5121446410c64c6f3468be3274e8e0b1947841cf	6864b9c6213e91e236ed3bf36be521f19c6bdbace15dfbf5e2d04435f0bcd061
Satsu_iron_man_addon-3.5.3.jar	data/satsu_iron_man_addon/palladium/powers/iron_man/marks/mark_40/beams/chest/beam.json	patches/satsu-3.5.3/data/satsu_iron_man_addon/palladium/powers/iron_man/marks/mark_40/beams/chest/beam.json	a1004310aa8ed9b942079ba8e9b6935e784c5a3b5fa99afab5b8584ae14373f1	34c375f3b8f91af778ae3cde28a254966650bc8319469069ce8df82c3709c101
Satsu_iron_man_addon-3.5.3.jar	data/satsu_iron_man_addon/palladium/powers/iron_man/marks/mark_40/beams/chest/energy_beams_powerfull_1.json	patches/satsu-3.5.3/data/satsu_iron_man_addon/palladium/powers/iron_man/marks/mark_40/beams/chest/energy_beams_powerfull_1.json	7b27779d8184d7af4244df77faa88fd7a7586b4d785a48f1276f90dbc936ecd5	bb39a0442fc830730746e69b507adff6c9c2c764f8f456208662e2173e08399e
Satsu_iron_man_addon-3.5.3.jar	data/satsu_iron_man_addon/palladium/powers/iron_man/marks/mark_40/beams/chest/energy_beams_powerfull_2.json	patches/satsu-3.5.3/data/satsu_iron_man_addon/palladium/powers/iron_man/marks/mark_40/beams/chest/energy_beams_powerfull_2.json	de424d611921468dbc7e3189eb56c664cb77588a387c96ba57cb15779b899d02	97b4d1bff68fadb3bf3549f636681574b7bbd4087b0e63a17fe553c8d9fcc9ca
Satsu_iron_man_addon-3.5.3.jar	data/satsu_iron_man_addon/palladium/powers/iron_man/marks/mark_41/beams/chest/beam.json	patches/satsu-3.5.3/data/satsu_iron_man_addon/palladium/powers/iron_man/marks/mark_41/beams/chest/beam.json	dcc816e9716bc83268367c86f62e29c0a60bbb3baf85bac6aa1922d5f9a0de1f	3fd69eab2b4e97cc58ca78e6a617d4b4a401583a46a45a0a1c08a2d9a9109766
Satsu_iron_man_addon-3.5.3.jar	data/satsu_iron_man_addon/palladium/powers/iron_man/marks/mark_41/beams/chest/energy_beams_powerfull_1.json	patches/satsu-3.5.3/data/satsu_iron_man_addon/palladium/powers/iron_man/marks/mark_41/beams/chest/energy_beams_powerfull_1.json	88d61892e1be7539c540c522fee857c0f46b39b0493e53afda725561f7a9a1d6	43a8fa5936f61e16a489ba615dadeaa6a18a35d9d5387bfc4c9b0c26df4c0a66
Satsu_iron_man_addon-3.5.3.jar	data/satsu_iron_man_addon/palladium/powers/iron_man/marks/mark_41/beams/chest/energy_beams_powerfull_2.json	patches/satsu-3.5.3/data/satsu_iron_man_addon/palladium/powers/iron_man/marks/mark_41/beams/chest/energy_beams_powerfull_2.json	c644e391071491b3e0a87273d5c0732f10f6a61c57c7c4ba93afa0a1820f4da3	331e5ee999844a090e87823649206b8ab956cdabca20179a24bb2e1159448758
Satsu_iron_man_addon-3.5.3.jar	data/satsu_iron_man_addon/palladium/powers/iron_man/marks/mark_43/beams/chest/beam.json	patches/satsu-3.5.3/data/satsu_iron_man_addon/palladium/powers/iron_man/marks/mark_43/beams/chest/beam.json	ce4953905052c561e7930ef1e4c3bd967621aa151228b4e391e004f5c0425eac	54725b8a4aa84bbfe4d49ed8b03b6077f40d82faf77ea22fe8ef54c31af32ddb
Satsu_iron_man_addon-3.5.3.jar	data/satsu_iron_man_addon/palladium/powers/iron_man/marks/mark_43/beams/chest/energy_beams_powerfull_1.json	patches/satsu-3.5.3/data/satsu_iron_man_addon/palladium/powers/iron_man/marks/mark_43/beams/chest/energy_beams_powerfull_1.json	c9e70bed80e94d177a2564094f498db6d8dd48e30c45779fc1e458b851b7c7bc	93c6c2888b6110e2224513e655c597428d24ef6a79abd941b08dcdf8eadf75ce
Satsu_iron_man_addon-3.5.3.jar	data/satsu_iron_man_addon/palladium/powers/iron_man/marks/mark_43/beams/chest/energy_beams_powerfull_2.json	patches/satsu-3.5.3/data/satsu_iron_man_addon/palladium/powers/iron_man/marks/mark_43/beams/chest/energy_beams_powerfull_2.json	b8fcc38af4d562c3cf237fe055b4d749daef15acc6f6bb9e1dffc751cd372974	946449740066263222d77ef650c150d7b26e51d7ce1448e14cbb7078c593ccb0
Satsu_iron_man_addon-3.5.3.jar	data/satsu_iron_man_addon/palladium/powers/iron_man/marks/mark_44/beams/chest/beam.json	patches/satsu-3.5.3/data/satsu_iron_man_addon/palladium/powers/iron_man/marks/mark_44/beams/chest/beam.json	7d0c44e1385c585ec5315480b2ac708299b40fecd120c416d3ccf04b93fc2ef4	af5cb3cc2fd7a83e20fd98e2a49bdd153368d042dbcb00c2e0d6115cf7339614
Satsu_iron_man_addon-3.5.3.jar	data/satsu_iron_man_addon/palladium/powers/iron_man/marks/mark_44/beams/chest/energy_beams_powerfull_1.json	patches/satsu-3.5.3/data/satsu_iron_man_addon/palladium/powers/iron_man/marks/mark_44/beams/chest/energy_beams_powerfull_1.json	c76a6b9328581f9d5e3f0e071bb2c0255b860a8b995035c15174ceb76d039413	459b7bad4c3b8ef2b02cb9f4f3b535289111c1bc83fdcb96229ec6a490e742d9
Satsu_iron_man_addon-3.5.3.jar	data/satsu_iron_man_addon/palladium/powers/iron_man/marks/mark_44/beams/chest/energy_beams_powerfull_2.json	patches/satsu-3.5.3/data/satsu_iron_man_addon/palladium/powers/iron_man/marks/mark_44/beams/chest/energy_beams_powerfull_2.json	a76d347ecd3917fac3e371b94d03d7035c546c9bfb956c024d073ee637e2da1b	ad2fc0e0dda30f674fca3e7dbfddc0ade04c7f7489961a307690ff0802868254
Satsu_iron_man_addon-3.5.3.jar	data/satsu_iron_man_addon/palladium/powers/iron_man/marks/mark_45/beams/chest/beam.json	patches/satsu-3.5.3/data/satsu_iron_man_addon/palladium/powers/iron_man/marks/mark_45/beams/chest/beam.json	4cdca5d53514d1ed3a259d6ae01509e74f7bacaff20f0ab418c56e931c6ad2d7	19a2504df75278b95b072a1cc63b5e802c703db92eae8b98b47affa5de34a259
Satsu_iron_man_addon-3.5.3.jar	data/satsu_iron_man_addon/palladium/powers/iron_man/marks/mark_45/beams/chest/energy_beams_powerfull_1.json	patches/satsu-3.5.3/data/satsu_iron_man_addon/palladium/powers/iron_man/marks/mark_45/beams/chest/energy_beams_powerfull_1.json	d72c23e4640e04197d022a87e6ed78327f1b3930dc21f9c6a198f8fd439dafcc	8027b71df90b7d9d4d97f31ecd3b111567b6f54a546bf9432d2c63efe917214b
Satsu_iron_man_addon-3.5.3.jar	data/satsu_iron_man_addon/palladium/powers/iron_man/marks/mark_45/beams/chest/energy_beams_powerfull_2.json	patches/satsu-3.5.3/data/satsu_iron_man_addon/palladium/powers/iron_man/marks/mark_45/beams/chest/energy_beams_powerfull_2.json	e6f6e04d5f71db44b0f4b1a435ae218df4c24fafcaf2295dc16706c33a408584	d4d3f27c33f165d6e55697ddc754bd0af6710adf7a4dee731824513d1c44cc6e
Satsu_iron_man_addon-3.5.3.jar	data/satsu_iron_man_addon/palladium/powers/iron_man/marks/mark_46/beams/chest/beam.json	patches/satsu-3.5.3/data/satsu_iron_man_addon/palladium/powers/iron_man/marks/mark_46/beams/chest/beam.json	b1495f0e3eb6da0a47d44bc2697ebc12f4fedf5152fb3f78e54e70b3495cd944	ba64a323e2b3ac639c35cd2ca2d928d9d53bd15682d90a386706affd3b9ce77c
Satsu_iron_man_addon-3.5.3.jar	data/satsu_iron_man_addon/palladium/powers/iron_man/marks/mark_46/beams/chest/energy_beams_powerfull_1.json	patches/satsu-3.5.3/data/satsu_iron_man_addon/palladium/powers/iron_man/marks/mark_46/beams/chest/energy_beams_powerfull_1.json	86df67dfe8e5c59b5ecd8547b9294fb07e4b2582de618cc1f0c5222003b355d5	2da3cba70e598c65232083f6bad0006e70c5313ed8858a45dd720b20f27ae687
Satsu_iron_man_addon-3.5.3.jar	data/satsu_iron_man_addon/palladium/powers/iron_man/marks/mark_46/beams/chest/energy_beams_powerfull_2.json	patches/satsu-3.5.3/data/satsu_iron_man_addon/palladium/powers/iron_man/marks/mark_46/beams/chest/energy_beams_powerfull_2.json	8efcab2ec453c9d0ccb8d2c5174dda2949f4efedb3a06739b489bcfbfcd49d09	73c9490cdc1c323f740d6617800fe3ac9262e644082e00e18e7b379e2633103a
Satsu_iron_man_addon-3.5.3.jar	data/satsu_iron_man_addon/palladium/powers/iron_man/marks/mark_47/beams/chest/beam.json	patches/satsu-3.5.3/data/satsu_iron_man_addon/palladium/powers/iron_man/marks/mark_47/beams/chest/beam.json	36c5c758191305b1cccac6e438efa5f52be5dde6535969715bf4586434e2bd59	3e6acf9e6b4d5033a4665f1ea66c4df40645373ced3741100a39b41649cd12a1
Satsu_iron_man_addon-3.5.3.jar	data/satsu_iron_man_addon/palladium/powers/iron_man/marks/mark_47/beams/chest/energy_beams_powerfull_1.json	patches/satsu-3.5.3/data/satsu_iron_man_addon/palladium/powers/iron_man/marks/mark_47/beams/chest/energy_beams_powerfull_1.json	7739394dad02cae6e5627cad9d4a0b591acc496817c710650a04d49bc4234574	2a29362dff1c58bd35a82a7ff1e6b9c68376f17adf53b69d66585e32fc26b8eb
Satsu_iron_man_addon-3.5.3.jar	data/satsu_iron_man_addon/palladium/powers/iron_man/marks/mark_47/beams/chest/energy_beams_powerfull_2.json	patches/satsu-3.5.3/data/satsu_iron_man_addon/palladium/powers/iron_man/marks/mark_47/beams/chest/energy_beams_powerfull_2.json	0bf7042c4ac99f4f9b541824c7b2a1afc15131688ff4490fe823c8f817befb03	d0454dbe0294f93e973fe5813e6ca0db860495dd3ab684335a95ea53f9832bc9
Satsu_iron_man_addon-3.5.3.jar	data/satsu_iron_man_addon/palladium/powers/iron_man/marks/mark_48/beams/chest/beam.json	patches/satsu-3.5.3/data/satsu_iron_man_addon/palladium/powers/iron_man/marks/mark_48/beams/chest/beam.json	e0a5c9118fdd58abad932a7ab90df04c662a62bb207008203875104530a8fda1	191cb5b2d444faec45e8b7e6e3f0a7e008b70d4ad9049b38c850d6a0defe7cc7
Satsu_iron_man_addon-3.5.3.jar	data/satsu_iron_man_addon/palladium/powers/iron_man/marks/mark_48/beams/chest/energy_beams_powerfull_1.json	patches/satsu-3.5.3/data/satsu_iron_man_addon/palladium/powers/iron_man/marks/mark_48/beams/chest/energy_beams_powerfull_1.json	82cbbea3739ee5d2fe59cc6bba6d1aaf27a23105b7da6e718faf1b634c86173a	04b0ebb45b8cd5ccc2ce8cf5f1aa3a605e65e4a8b59ecbf52f9cc32b7a6a1199
Satsu_iron_man_addon-3.5.3.jar	data/satsu_iron_man_addon/palladium/powers/iron_man/marks/mark_48/beams/chest/energy_beams_powerfull_2.json	patches/satsu-3.5.3/data/satsu_iron_man_addon/palladium/powers/iron_man/marks/mark_48/beams/chest/energy_beams_powerfull_2.json	c9dc5cb120540f2ef7232492c37f3b8f27b91749034fd141c452d246d24f1934	c5460c12e5e62a0ae474081e6eb2f0dce58bc85cbcb59c56821842d80698476e
Satsu_iron_man_addon-3.5.3.jar	data/satsu_iron_man_addon/palladium/powers/iron_man/marks/mark_49/beams/chest/beam.json	patches/satsu-3.5.3/data/satsu_iron_man_addon/palladium/powers/iron_man/marks/mark_49/beams/chest/beam.json	89c55134a98ac79e2e10eb47f3edc014e8fcd2caecbffae834cafe8defb5c175	dde09595c7db808f28d754a31f40c38452ff3dcaae02b496df4cfa4f72f9889e
Satsu_iron_man_addon-3.5.3.jar	data/satsu_iron_man_addon/palladium/powers/iron_man/marks/mark_49/beams/chest/energy_beams_powerfull_1.json	patches/satsu-3.5.3/data/satsu_iron_man_addon/palladium/powers/iron_man/marks/mark_49/beams/chest/energy_beams_powerfull_1.json	60b6a52e9dda30d55ee47da881a6baeb3312020c29b18c3ab05117b2555fc211	8868269958979eeeb09a401ea7b8322713f97a48aee6046087d5046c5d7fb92f
Satsu_iron_man_addon-3.5.3.jar	data/satsu_iron_man_addon/palladium/powers/iron_man/marks/mark_49/beams/chest/energy_beams_powerfull_2.json	patches/satsu-3.5.3/data/satsu_iron_man_addon/palladium/powers/iron_man/marks/mark_49/beams/chest/energy_beams_powerfull_2.json	41e2cc620ed77343020f293bc10cf85065bb9e4049cb82eaec84bdb561ba0a96	8fcf551ae35b4111e563cae6b566cdbd1abe7731e31bfc8bfc10bc9b0d20a5d5
Satsu_iron_man_addon-3.5.3.jar	data/satsu_iron_man_addon/palladium/powers/iron_man/marks/mark_50/beams/chest/beam.json	patches/satsu-3.5.3/data/satsu_iron_man_addon/palladium/powers/iron_man/marks/mark_50/beams/chest/beam.json	e8cf272dde90aeaee8a29ef1bbcfe71805ff5e5b604c8304a087d9898f7ae9de	a3da9d0c6f5cf6c646db52874ed52071498368b50c4abe185419ff3c7561b7fe
Satsu_iron_man_addon-3.5.3.jar	data/satsu_iron_man_addon/palladium/powers/iron_man/marks/mark_50/beams/chest/energy_beams_nano.json	patches/satsu-3.5.3/data/satsu_iron_man_addon/palladium/powers/iron_man/marks/mark_50/beams/chest/energy_beams_nano.json	bf7c4176e01052945f71af445441701b694c3978a368db571621742e3e91f04b	64adc44354114d84eeaad25dea44c005b47affea044edb64e2874f11fab723bf
Satsu_iron_man_addon-3.5.3.jar	data/satsu_iron_man_addon/palladium/powers/iron_man/marks/mark_50/beams/chest/energy_beams_powerfull_1.json	patches/satsu-3.5.3/data/satsu_iron_man_addon/palladium/powers/iron_man/marks/mark_50/beams/chest/energy_beams_powerfull_1.json	cde242afc817dc307e5ec83a1b8929f6a8f07d5e652287f87590e7d455ad4dfd	eb7bbe8eeb5d1b91c4068e24b54ec5d2a6c74530bf2bb81b82fb2499a681f751
Satsu_iron_man_addon-3.5.3.jar	data/satsu_iron_man_addon/palladium/powers/iron_man/marks/mark_50/beams/chest/energy_beams_powerfull_2.json	patches/satsu-3.5.3/data/satsu_iron_man_addon/palladium/powers/iron_man/marks/mark_50/beams/chest/energy_beams_powerfull_2.json	5a5b95c9e4eb2a2cd4845b267841e5f2bbe0654db4f4521917658a78bdb113a9	afaf955b1960c751b82f835b6748bd4d3494d2b7be68f2c2f0173f0f010b9b5f
Satsu_iron_man_addon-3.5.3.jar	data/satsu_iron_man_addon/palladium/powers/iron_man/marks/mark_80/beams/chest/beam.json	patches/satsu-3.5.3/data/satsu_iron_man_addon/palladium/powers/iron_man/marks/mark_80/beams/chest/beam.json	581f91ce2661069dbc818c5b8df298207715f4dbb9f0225fd91593a8ae401ee6	2343c29706d348070d2b97c60ecf665f9da7f473e3fbaff19f7d58d7060ec2db
Satsu_iron_man_addon-3.5.3.jar	data/satsu_iron_man_addon/palladium/powers/iron_man/marks/mark_80/beams/chest/energy_beams_nano.json	patches/satsu-3.5.3/data/satsu_iron_man_addon/palladium/powers/iron_man/marks/mark_80/beams/chest/energy_beams_nano.json	08da3541fa47412fa621ea843b1a3acb8cd83a862405d3127f1324c8ca778f31	84a4e5ccc442a5b42cf293252e0d5cc8e1a45bbfc7eddf766d8c7d4fd0b00451
Satsu_iron_man_addon-3.5.3.jar	data/satsu_iron_man_addon/palladium/powers/iron_man/marks/mark_80/beams/chest/energy_beams_powerfull_1.json	patches/satsu-3.5.3/data/satsu_iron_man_addon/palladium/powers/iron_man/marks/mark_80/beams/chest/energy_beams_powerfull_1.json	80ec038ff39c48c11be85be8c476bfd8c5724f6a4c66936098802bb6d39aa966	06a7ef9292dcd3fb62d839af715037e7219a8afd62589cc5f71c242ecdc4c4b4
Satsu_iron_man_addon-3.5.3.jar	data/satsu_iron_man_addon/palladium/powers/iron_man/marks/mark_80/beams/chest/energy_beams_powerfull_2.json	patches/satsu-3.5.3/data/satsu_iron_man_addon/palladium/powers/iron_man/marks/mark_80/beams/chest/energy_beams_powerfull_2.json	5fa8f5a72db7b9f84e1ef19f3f37af5737be51d23d3ffd0be186a213591034e3	e6afcf7bcbedb5a0310ffa613ea1edd9aa840b7cffa7b88be1e67544064a1f44
Satsu_iron_man_addon-3.5.3.jar	data/satsu_iron_man_addon/palladium/powers/iron_man/marks/mark_81/beams/chest/beam.json	patches/satsu-3.5.3/data/satsu_iron_man_addon/palladium/powers/iron_man/marks/mark_81/beams/chest/beam.json	26a3805cd252eaeac823232d8d593a5ee617ed0f86d6d7311f9fc27004ac10ab	b20277e3092eba14f840f1ba9397f4916f581f936df4124f606ecae0710f8497
Satsu_iron_man_addon-3.5.3.jar	data/satsu_iron_man_addon/palladium/powers/iron_man/marks/mark_81/beams/chest/energy_beams_nano.json	patches/satsu-3.5.3/data/satsu_iron_man_addon/palladium/powers/iron_man/marks/mark_81/beams/chest/energy_beams_nano.json	b7d641e88599a14bc49736caa1a90f8d5aca9966939c160886b992b547b86bc6	3b6eeb8742247ba790614048359debdd42326ce038055b36823b9324b84502d8
Satsu_iron_man_addon-3.5.3.jar	data/satsu_iron_man_addon/palladium/powers/iron_man/marks/mark_81/beams/chest/energy_beams_powerfull_1.json	patches/satsu-3.5.3/data/satsu_iron_man_addon/palladium/powers/iron_man/marks/mark_81/beams/chest/energy_beams_powerfull_1.json	41b9e512996061f84ede43cc49d66f0e61d48b389dd8c2b7e92396e6a984884d	da2ba1f098a07dd40c3d4cc2ad71d5c2cea98997ebeaa36a5e50c70d2e388a93
Satsu_iron_man_addon-3.5.3.jar	data/satsu_iron_man_addon/palladium/powers/iron_man/marks/mark_81/beams/chest/energy_beams_powerfull_2.json	patches/satsu-3.5.3/data/satsu_iron_man_addon/palladium/powers/iron_man/marks/mark_81/beams/chest/energy_beams_powerfull_2.json	661822dfac3681d2d82beb2a1e131862d597e3fcb93475d0d948d497bf750870	bd3193dbe7137dcc2cc4f3ce41632fee8a136efb258bd2c32b4fa5d3b8623a81
Satsu_iron_man_addon-3.5.3.jar	data/satsu_iron_man_addon/palladium/powers/iron_man/marks/mark_82/beams/chest/beam.json	patches/satsu-3.5.3/data/satsu_iron_man_addon/palladium/powers/iron_man/marks/mark_82/beams/chest/beam.json	870e4d4d78e3e045bb21da7100cdd8b721910f8350e1e96e0477f7cef78ef906	30dd2e97f724839f40ac18dc074abe83d8e12aecd9295fc5df043c937544af8b
Satsu_iron_man_addon-3.5.3.jar	data/satsu_iron_man_addon/palladium/powers/iron_man/marks/mark_82/beams/chest/energy_beams_nano.json	patches/satsu-3.5.3/data/satsu_iron_man_addon/palladium/powers/iron_man/marks/mark_82/beams/chest/energy_beams_nano.json	31e8a64bd8851a014460aa64d0a7fcaba377e71530f73a35000ab0c8a03aa006	82f4e98496b02de90515d3eecef739b608c8f831a179e243ced95affc29dedd2
Satsu_iron_man_addon-3.5.3.jar	data/satsu_iron_man_addon/palladium/powers/iron_man/marks/mark_82/beams/chest/energy_beams_powerfull_1.json	patches/satsu-3.5.3/data/satsu_iron_man_addon/palladium/powers/iron_man/marks/mark_82/beams/chest/energy_beams_powerfull_1.json	4b7949d38b7123ff848049576edb4d17f57dc29151771e20bacd0f6bd66a0cd7	9a5c51c21eba650b6cd10a10130f54e00050a6295cf21fdcabd9c59bfa623db9
Satsu_iron_man_addon-3.5.3.jar	data/satsu_iron_man_addon/palladium/powers/iron_man/marks/mark_82/beams/chest/energy_beams_powerfull_2.json	patches/satsu-3.5.3/data/satsu_iron_man_addon/palladium/powers/iron_man/marks/mark_82/beams/chest/energy_beams_powerfull_2.json	a5e0f8f8e4a839b2c1e411ec48fbbda0aad45bf8fe81a12f2004882e4c053bc6	065b7afd3faf668baf9d81919c363221a95bc45b629f969a78abccedcbd79329
Satsu_iron_man_addon-3.5.3.jar	data/satsu_iron_man_addon/palladium/powers/iron_man/marks/mark_85/beams/chest/beam.json	patches/satsu-3.5.3/data/satsu_iron_man_addon/palladium/powers/iron_man/marks/mark_85/beams/chest/beam.json	ecaba5f60d01b14c997181279b767d26070af30b1f20dea6d5e38cb9a98c47ae	c1f4b285aee896d773c4f27d5c942415f7eab4ee7e1577edaf2112d512f28133
Satsu_iron_man_addon-3.5.3.jar	data/satsu_iron_man_addon/palladium/powers/iron_man/marks/mark_85/beams/chest/energy_beams_nano.json	patches/satsu-3.5.3/data/satsu_iron_man_addon/palladium/powers/iron_man/marks/mark_85/beams/chest/energy_beams_nano.json	1fbafbdaf69c418aaf70a6654f14b316f12219152b1a6568a9a79d8b27a6fef7	5b21a6c18aa432ed260a41a30ff62d35210294033083fee31f2b69120bd5c23d
Satsu_iron_man_addon-3.5.3.jar	data/satsu_iron_man_addon/palladium/powers/iron_man/marks/mark_85/beams/chest/energy_beams_powerfull_1.json	patches/satsu-3.5.3/data/satsu_iron_man_addon/palladium/powers/iron_man/marks/mark_85/beams/chest/energy_beams_powerfull_1.json	d64af921ea13065533dda681637fdde8160e1c162d44e330e5317952e6032204	fdac40c6cd72bb6c2605546c9718b4802753a1eee6d1c4568c0172fddaccf7a3
Satsu_iron_man_addon-3.5.3.jar	data/satsu_iron_man_addon/palladium/powers/iron_man/marks/mark_85/beams/chest/energy_beams_powerfull_2.json	patches/satsu-3.5.3/data/satsu_iron_man_addon/palladium/powers/iron_man/marks/mark_85/beams/chest/energy_beams_powerfull_2.json	5ff8683ab31500735c884dcd4608517660276f22131e7eea9840ec47bdb912f9	3c8f2a9fc7a64aafbde032a5d9c960a2f0efa885aa17133cf04eb9ff1b210e06
Satsu_iron_man_addon-3.5.3.jar	data/satsu_iron_man_addon/palladium/powers/iron_man/marks/mark_86/beams/chest/beam.json	patches/satsu-3.5.3/data/satsu_iron_man_addon/palladium/powers/iron_man/marks/mark_86/beams/chest/beam.json	a4f72643628b51f142c3c560796ef17ed37f54d26a32b3a25a2833d30751af78	cdc24d7098c267fd8d587a7327c1c9f873f4eac460d158383494fefc960b6d31
Satsu_iron_man_addon-3.5.3.jar	data/satsu_iron_man_addon/palladium/powers/iron_man/marks/mark_86/beams/chest/energy_beams_nano.json	patches/satsu-3.5.3/data/satsu_iron_man_addon/palladium/powers/iron_man/marks/mark_86/beams/chest/energy_beams_nano.json	d4e99f8f118ccb9bedca2c74aafb039f8b92b7d967e6bb8c43264fc71e654c27	125dcb6fbb7fbfd9686cf4c89e16a6a5cdb623da47add2c26c164665ad071691
Satsu_iron_man_addon-3.5.3.jar	data/satsu_iron_man_addon/palladium/powers/iron_man/marks/mark_86/beams/chest/energy_beams_powerfull_1.json	patches/satsu-3.5.3/data/satsu_iron_man_addon/palladium/powers/iron_man/marks/mark_86/beams/chest/energy_beams_powerfull_1.json	0e7a5a7b82ea03c6b0969b949cc679d7fb52a447df55aa3901875d2389b9f8e6	bece187fcce367ee6ff3278e16bda8c62d46ed7627fd0bce8a98216412a57f9e
Satsu_iron_man_addon-3.5.3.jar	data/satsu_iron_man_addon/palladium/powers/iron_man/marks/mark_86/beams/chest/energy_beams_powerfull_2.json	patches/satsu-3.5.3/data/satsu_iron_man_addon/palladium/powers/iron_man/marks/mark_86/beams/chest/energy_beams_powerfull_2.json	25438412ce8884dde40d892fe7fc1d69d8dd9ddfbdabae969a02f7d4f2ea698a	337da6be7e4af285f6db257a19ccb04f2bc2a4067871934c5c37bbbb036a1d6b
Satsu_iron_man_addon-3.5.3.jar	data/satsu_iron_man_addon/palladium/powers/iron_man/marks/mark_blooded/beams/chest/beam.json	patches/satsu-3.5.3/data/satsu_iron_man_addon/palladium/powers/iron_man/marks/mark_blooded/beams/chest/beam.json	28da8615ce3ce16f9f89ade1a77a884045f980c873c7bfe2bee0eee469a72a8f	32917b8233995836f3fbbdd1b6c56eee22b64ea5f394693294bd78e7a3279f48
Satsu_iron_man_addon-3.5.3.jar	data/satsu_iron_man_addon/palladium/powers/iron_man/marks/mark_blooded/beams/chest/energy_beams_nano.json	patches/satsu-3.5.3/data/satsu_iron_man_addon/palladium/powers/iron_man/marks/mark_blooded/beams/chest/energy_beams_nano.json	627d484a342e42ab0a5a38912b1acbb3d6fea2f21f134bdea901e7ace211c4a2	b8ccf48689a735cd0a0489f910b0f22b41b939587645b4fbc33d0202c2f1aafc
Satsu_iron_man_addon-3.5.3.jar	data/satsu_iron_man_addon/palladium/powers/iron_man/marks/mark_blooded/beams/chest/energy_beams_powerfull_1.json	patches/satsu-3.5.3/data/satsu_iron_man_addon/palladium/powers/iron_man/marks/mark_blooded/beams/chest/energy_beams_powerfull_1.json	11d5d590bccbd18694e76a74714fbeea87b97ec90fc19663d3dea2b07b50f5e6	ba3cb85d9b0f3862a0ff48721055df5495fadb713661e7c06b1f9dbe26797b39
Satsu_iron_man_addon-3.5.3.jar	data/satsu_iron_man_addon/palladium/powers/iron_man/marks/mark_blooded/beams/chest/energy_beams_powerfull_2.json	patches/satsu-3.5.3/data/satsu_iron_man_addon/palladium/powers/iron_man/marks/mark_blooded/beams/chest/energy_beams_powerfull_2.json	28f684e4dc5e02219302f240c61d2ff8acc2caba3ca97965224d2510dc23713c	5e8d1364067b596b3d5920e7393e4fba0e0dcdb41fb3214ec292269fd0c4a1ae
Satsu_iron_man_addon-3.5.3.jar	data/satsu_iron_man_addon/palladium/powers/iron_man/marks/mark_extremis/beams/chest/beam.json	patches/satsu-3.5.3/data/satsu_iron_man_addon/palladium/powers/iron_man/marks/mark_extremis/beams/chest/beam.json	12a3403feda5cb9540c647b22b689fb50b4536bb9b8e47e43b66e7dccb329f78	f3db1d328b0b15499c6319204f2f589ac31763f05004b7b4ba8b4e440d391d62
Satsu_iron_man_addon-3.5.3.jar	data/satsu_iron_man_addon/palladium/powers/iron_man/marks/mark_extremis/beams/chest/energy_beams_nano.json	patches/satsu-3.5.3/data/satsu_iron_man_addon/palladium/powers/iron_man/marks/mark_extremis/beams/chest/energy_beams_nano.json	5683be399aae8a54acffe010b7e2b47f4cb89631351e4cbc362f3ecffb439bec	3b7e90c7c30504d1ae272de995d186fd81173e321bb0f75bcda6ff635f8c48b3
Satsu_iron_man_addon-3.5.3.jar	data/satsu_iron_man_addon/palladium/powers/iron_man/marks/mark_extremis/beams/chest/energy_beams_powerfull_1.json	patches/satsu-3.5.3/data/satsu_iron_man_addon/palladium/powers/iron_man/marks/mark_extremis/beams/chest/energy_beams_powerfull_1.json	17f665b96f977363bd2641deffb2337c905a97d8677d58f1fbb596986130f22f	e866a5c6ffbd8f04e126f811db421a5e9e20a110c2f6eb6b6e3ed7786601d88f
Satsu_iron_man_addon-3.5.3.jar	data/satsu_iron_man_addon/palladium/powers/iron_man/marks/mark_extremis/beams/chest/energy_beams_powerfull_2.json	patches/satsu-3.5.3/data/satsu_iron_man_addon/palladium/powers/iron_man/marks/mark_extremis/beams/chest/energy_beams_powerfull_2.json	b2e570fb84858a438fc3616bffb6fd17d809824595686f26f7bb5855393383f1	c90af929d3970f5f6cd4c6af1b087cd8d96dae3debb90a1aced0f19d63b36f5b
Satsu_iron_man_addon-3.5.3.jar	data/satsu_iron_man_addon/palladium/powers/iron_man/marks/mark_taken/beams/chest/beam.json	patches/satsu-3.5.3/data/satsu_iron_man_addon/palladium/powers/iron_man/marks/mark_taken/beams/chest/beam.json	f64f2bf887b8eacd37506b58a3a58a042900ef67628514623bcaafd9d1d12e11	78fc8f5061ba5896c6c74029dfbe64d66be53c2de7d3bb45c9c18ab6bba9517e
Satsu_iron_man_addon-3.5.3.jar	data/satsu_iron_man_addon/palladium/powers/iron_man/marks/mark_taken/beams/chest/energy_beams_nano.json	patches/satsu-3.5.3/data/satsu_iron_man_addon/palladium/powers/iron_man/marks/mark_taken/beams/chest/energy_beams_nano.json	68be567dbc7bfb35b7e47a388edd6d8097b4b363ddfb709f4b848ce7860a2d36	f9da5e7e2389dec24c89b31a99d1dadcc049692be892e2971589f50b8d9a6cac
Satsu_iron_man_addon-3.5.3.jar	data/satsu_iron_man_addon/palladium/powers/iron_man/marks/mark_taken/beams/chest/energy_beams_powerfull_1.json	patches/satsu-3.5.3/data/satsu_iron_man_addon/palladium/powers/iron_man/marks/mark_taken/beams/chest/energy_beams_powerfull_1.json	95535c94215205b69c7911925ab95e92cd8c0152330e291b5d2904d24f3ac2b7	8c00f906480801cc07bdf021284675def65c1d8ffe44e71b4517bd777b99291d
Satsu_iron_man_addon-3.5.3.jar	data/satsu_iron_man_addon/palladium/powers/iron_man/marks/mark_taken/beams/chest/energy_beams_powerfull_2.json	patches/satsu-3.5.3/data/satsu_iron_man_addon/palladium/powers/iron_man/marks/mark_taken/beams/chest/energy_beams_powerfull_2.json	5d56025358c9919e04582018f52c4e965d17de8d4046867940ea970d41863164	210a0196672b039b7b2e80fdb0be994646ac5772d1dcabe5b1575daefd021a11
Satsu_iron_man_addon-3.5.3.jar	data/satsu_iron_man_addon/palladium/powers/iron_man/marks/model_37_iron_destroyer/beams/chest/beam.json	patches/satsu-3.5.3/data/satsu_iron_man_addon/palladium/powers/iron_man/marks/model_37_iron_destroyer/beams/chest/beam.json	a7bb7a4887751a0e912794c4c5939047e760d9e928ca4f1c7e6bd61573be4248	e95a6f0937194fe71958df7af21547f7b866d24be77be519552a8763dad6c3f1
Satsu_iron_man_addon-3.5.3.jar	data/satsu_iron_man_addon/palladium/powers/iron_man/marks/model_37_iron_destroyer/beams/chest/energy_beams_nano.json	patches/satsu-3.5.3/data/satsu_iron_man_addon/palladium/powers/iron_man/marks/model_37_iron_destroyer/beams/chest/energy_beams_nano.json	9cd0cdce48929ee73ca9b3bcef4b6e92c0cc40bc3b29763d42d3e49a3539a420	807ca4c56445965e7c4e43b6118b4dde4be5702ff42e0abbaf1174d9231e8170
Satsu_iron_man_addon-3.5.3.jar	data/satsu_iron_man_addon/palladium/powers/iron_man/marks/model_37_iron_destroyer/beams/chest/energy_beams_powerfull_1.json	patches/satsu-3.5.3/data/satsu_iron_man_addon/palladium/powers/iron_man/marks/model_37_iron_destroyer/beams/chest/energy_beams_powerfull_1.json	794fcc37bb72447e0d68e4ef603f09c3931992ea9930d1166e05837620cbff32	f8f421e5d385e2a05116984196bceaa69fc9040c5675143d393d9334ce3f8c77
Satsu_iron_man_addon-3.5.3.jar	data/satsu_iron_man_addon/palladium/powers/iron_man/marks/model_37_iron_destroyer/beams/chest/energy_beams_powerfull_2.json	patches/satsu-3.5.3/data/satsu_iron_man_addon/palladium/powers/iron_man/marks/model_37_iron_destroyer/beams/chest/energy_beams_powerfull_2.json	2843f61f9d34482a4e8d007ebdc9dfa76b99823f8011760f61776d56433c2508	7ecaaa21558688a7295e4c63c14d8f05b4a174b1da59e7abf0cd5abf03e322fd
Satsu_iron_man_addon-3.5.3.jar	data/satsu_iron_man_addon/palladium/powers/iron_man/marks/model_50/beams/chest/beam.json	patches/satsu-3.5.3/data/satsu_iron_man_addon/palladium/powers/iron_man/marks/model_50/beams/chest/beam.json	0c1521fd0ea1156044f6dfcc2c3aca89e5b82953f78020cdc018d6f94068596b	ac3ea9356bb33144d90ce49b6ac4fb6986d1b955fa47fabe6ecb33c2045ab280
Satsu_iron_man_addon-3.5.3.jar	data/satsu_iron_man_addon/palladium/powers/iron_man/marks/model_50/beams/chest/energy_beams_nano.json	patches/satsu-3.5.3/data/satsu_iron_man_addon/palladium/powers/iron_man/marks/model_50/beams/chest/energy_beams_nano.json	5b4709372c4c83969d3a86eb8a2a8c70e16d0ddd96209ea683cd319305273a50	36df6696b1825e7db6cf0d1252f2e0dce15210b9c35c09f7860ee7feeb422801
Satsu_iron_man_addon-3.5.3.jar	data/satsu_iron_man_addon/palladium/powers/iron_man/marks/model_50/beams/chest/energy_beams_powerfull_1.json	patches/satsu-3.5.3/data/satsu_iron_man_addon/palladium/powers/iron_man/marks/model_50/beams/chest/energy_beams_powerfull_1.json	b4b93513f88352a068b13fa17055cfb90db8a1ba2ae9beb3c5f043afd39749ed	d9aa5bc6a5fae1079f63380a90b061e6edd915433d38fc8bd21d65d7478af53c
Satsu_iron_man_addon-3.5.3.jar	data/satsu_iron_man_addon/palladium/powers/iron_man/marks/model_50/beams/chest/energy_beams_powerfull_2.json	patches/satsu-3.5.3/data/satsu_iron_man_addon/palladium/powers/iron_man/marks/model_50/beams/chest/energy_beams_powerfull_2.json	a915f86bfd6c650264051d101b494a4ad5cba10201abb382da1211be4a65c628	b94027d495490da3056aa078d38a859b1f9022f8b1bf9ee57b3fb931051411c3
Satsu_iron_man_addon-3.5.3.jar	data/satsu_iron_man_addon/palladium/powers/iron_man/marks/model_72/beams/chest/beam.json	patches/satsu-3.5.3/data/satsu_iron_man_addon/palladium/powers/iron_man/marks/model_72/beams/chest/beam.json	b8e7454e387102e33d15a74f61907e9957edd493f07bca5a64e5ee14a5dfdb52	5a38afebb70a6feb64e0219de1ca6b76503141d4b8b542ca0e16fab645a839fb
Satsu_iron_man_addon-3.5.3.jar	data/satsu_iron_man_addon/palladium/powers/iron_man/marks/model_72/beams/chest/energy_beams_powerfull_1.json	patches/satsu-3.5.3/data/satsu_iron_man_addon/palladium/powers/iron_man/marks/model_72/beams/chest/energy_beams_powerfull_1.json	eec078fe89621663bb5594949906b41c8d04c483d402536027c9226d21b5e631	60c4ecffb1d54c2a48cf2d4de484de15a65a17f6feacb03446f0f0b925027495
Satsu_iron_man_addon-3.5.3.jar	data/satsu_iron_man_addon/palladium/powers/iron_man/marks/model_72/beams/chest/energy_beams_powerfull_2.json	patches/satsu-3.5.3/data/satsu_iron_man_addon/palladium/powers/iron_man/marks/model_72/beams/chest/energy_beams_powerfull_2.json	a4558ca403b21d5594e3bc3b21990fec0d0eb38133ecd801eab197234f9854a3	1e1bd5311e6d3c0a10b3d5ea0498324737160c93007f8b8cdc19fb3198d325bf
Satsu_iron_man_addon-3.5.3.jar	data/satsu_iron_man_addon/palladium/powers/iron_man/marks/model_75/beams/chest/beam.json	patches/satsu-3.5.3/data/satsu_iron_man_addon/palladium/powers/iron_man/marks/model_75/beams/chest/beam.json	64e744eda15cc17c02e128ee8a872c1a2a631b70c4abfee5108e85a5fed2091d	a0c5df29391a34db541260ac2236ed6109434c6f0cd6cdf09e85d7e06be3b414
Satsu_iron_man_addon-3.5.3.jar	data/satsu_iron_man_addon/palladium/powers/iron_man/marks/model_75/beams/chest/energy_beams_powerfull_1.json	patches/satsu-3.5.3/data/satsu_iron_man_addon/palladium/powers/iron_man/marks/model_75/beams/chest/energy_beams_powerfull_1.json	90dce73d980705ac99c43dff8bb334ec97dd51e7f84d9aa5c070da4db26f62be	ef80c7ac393720386e19689b6fe290b4479227fb8d4a99af1409c1ba74aa6787
Satsu_iron_man_addon-3.5.3.jar	data/satsu_iron_man_addon/palladium/powers/iron_man/marks/model_75/beams/chest/energy_beams_powerfull_2.json	patches/satsu-3.5.3/data/satsu_iron_man_addon/palladium/powers/iron_man/marks/model_75/beams/chest/energy_beams_powerfull_2.json	fadc4f7d284a0765562fd6e13ea21aa649bd84ed424a9c3de333aff6517599c3	77cff1f454606779b7316a613e3df284ae3124070b4109edbd7535fc5c5dfb87
Satsu_iron_man_addon-3.5.3.jar	data/satsu_iron_man_addon/palladium/powers/iron_man/marks/model_nil/beams/chest/beam.json	patches/satsu-3.5.3/data/satsu_iron_man_addon/palladium/powers/iron_man/marks/model_nil/beams/chest/beam.json	cde7aff668b246e9716952793fab94901d6982b7cb92f84f571110cdbaafd69c	aea9115594a72eb67a020f495387946e474a94dfe5e89d16a9ec63f28ad98ec8
Satsu_iron_man_addon-3.5.3.jar	data/satsu_iron_man_addon/palladium/powers/iron_man/marks/model_nil/beams/chest/energy_beams_powerfull_1.json	patches/satsu-3.5.3/data/satsu_iron_man_addon/palladium/powers/iron_man/marks/model_nil/beams/chest/energy_beams_powerfull_1.json	134fa542f83a7148489be3acb20971748a9b82ee73022c9c7aa8409f332063ca	49efdb65d4b0447f56af51d1b85fa40558f85f5cc15dcc68adb58cf7fbd23a6b
Satsu_iron_man_addon-3.5.3.jar	data/satsu_iron_man_addon/palladium/powers/iron_man/marks/model_nil/beams/chest/energy_beams_powerfull_2.json	patches/satsu-3.5.3/data/satsu_iron_man_addon/palladium/powers/iron_man/marks/model_nil/beams/chest/energy_beams_powerfull_2.json	5c92480012dc0b3b0dbd1032b3e18defd0cecdae3e33efec64748c2e7d5351e4	d4730803e6e4b6ec94184893f4b07e94bba9780890b6125f39f91fcae2dbbf53
Satsu_iron_man_addon-3.5.3.jar	data/satsu_iron_man_addon/palladium/powers/iron_man/marks/model_prime/beams/chest/beam.json	patches/satsu-3.5.3/data/satsu_iron_man_addon/palladium/powers/iron_man/marks/model_prime/beams/chest/beam.json	ce6715e9da8bd4af08fdbca58f4811ad1296334ae568555b6b83730f1e0248b9	4bea944338d1b1f12529254d074e55b5fe7e801a1c177af55fd8a23270874095
Satsu_iron_man_addon-3.5.3.jar	data/satsu_iron_man_addon/palladium/powers/iron_man/marks/model_prime/beams/chest/energy_beams_nano.json	patches/satsu-3.5.3/data/satsu_iron_man_addon/palladium/powers/iron_man/marks/model_prime/beams/chest/energy_beams_nano.json	9d98b23f728b71fdc3a98de9957bf9f61c8755cce3d981742e53ea06616cfcd9	adf76b50aca64e582253ce7d77a33705e3ce7bf17b10e729081fc4a69183fa8e
Satsu_iron_man_addon-3.5.3.jar	data/satsu_iron_man_addon/palladium/powers/iron_man/marks/model_prime/beams/chest/energy_beams_powerfull_1.json	patches/satsu-3.5.3/data/satsu_iron_man_addon/palladium/powers/iron_man/marks/model_prime/beams/chest/energy_beams_powerfull_1.json	c1c0ed15dbaa6c232541d12e6497b7fbb8ff72003cf2a726e54e6c76b5490fc8	42f076abccf6ea7f3d18b6dd5a9e1d092a21dbed1a99e8f19e4d104b0f230bed
Satsu_iron_man_addon-3.5.3.jar	data/satsu_iron_man_addon/palladium/powers/iron_man/marks/model_prime/beams/chest/energy_beams_powerfull_2.json	patches/satsu-3.5.3/data/satsu_iron_man_addon/palladium/powers/iron_man/marks/model_prime/beams/chest/energy_beams_powerfull_2.json	996b2c3e0da7f92ff0dd9f1adc5705c0d7c35b7330a11a2b7c3b69393defc981	35de9ebe97edd3dc42b13eb7216e2e2549d5e0836ac51051f5aa5a33e3230c3b
Satsu_iron_man_addon-3.5.3.jar	data/satsu_iron_man_addon/palladium/powers/iron_man/marks/modular_armor/beams/chest/beam.json	patches/satsu-3.5.3/data/satsu_iron_man_addon/palladium/powers/iron_man/marks/modular_armor/beams/chest/beam.json	d2831e609a623055c9d8428dd98ade0eb362d8c52e0c2f1f3dc764bf51723d30	f5bc9545c3eea0874f24a5c01a5c94ad3ed50d5de801f34fb1df231372495790
Satsu_iron_man_addon-3.5.3.jar	data/satsu_iron_man_addon/palladium/powers/iron_man/marks/modular_armor/beams/chest/energy_beams_powerfull_1.json	patches/satsu-3.5.3/data/satsu_iron_man_addon/palladium/powers/iron_man/marks/modular_armor/beams/chest/energy_beams_powerfull_1.json	313250649b243b1ac9711a08816d2900c31dee8ce8451d3997deb4ca2e315bb5	ef1d182804c1941de189945eabebfee4c9684112f4901d193bd12b084db07483
Satsu_iron_man_addon-3.5.3.jar	data/satsu_iron_man_addon/palladium/powers/iron_man/marks/modular_armor/beams/chest/energy_beams_powerfull_2.json	patches/satsu-3.5.3/data/satsu_iron_man_addon/palladium/powers/iron_man/marks/modular_armor/beams/chest/energy_beams_powerfull_2.json	1d84a70ae120f25d8788b8666051533dc0bdfa0a4d65aa2d5cf45e8112d68b74	c093f03d5947062475984c8509e20f83fe6a1dd01ba17b2ba98c4ee5482607da
IntoTheOmniverse-v1.0.6.jar	data/aeo/kubejs_scripts/sync_prototype_completed.js	patches/ito-1.0.6/data/aeo/kubejs_scripts/sync_prototype_completed.js	0f3ffeb261f244da3e9bff6b2f51f8824f4bd6b33186b2c852ecce47792a6312	cba5d29736144788444f24a2c101d6dcd6b52050007ee4bdd8bf69db17803216
omni_evo_1.0.6.jar	data/omni_evo/kubejs_scripts/glow_sync.js	patches/omni-1.0.6/data/omni_evo/kubejs_scripts/glow_sync.js	7eb5d470129d49f6c334a9a61335643b460daff14c272f375ad400e3b6d31102	132d9dc1438a9854a30997cc1c0f1933ba5b614c25fc66e74bca63a06d19d3b8
celestialsapien-1.0.6.1.jar	addon/mypowers/kubejs_scripts/spike.js	patches/celestial-1.0.6.1/addon/mypowers/kubejs_scripts/spike.js	d939818f3cc1db26f1d9ce174827022a1f438a889763f6ec049ad37c213c3c34	cf669dab40cee978ddb718499f880f490e69be70cf1e000a74bbc1547506a79e
AlienEvo-1.1.3-forge.jar	assets/afomni/animations/echoecho.animation.json	patches/alienevo-1.1.3/assets/afomni/animations/echoecho.animation.json	-	7882082857fdb11e02f158ebc3a6d3f970e2ac60d54813f0e903ee97b2293749
AlienEvo-1.1.3-forge(1).jar	assets/afomni/animations/echoecho.animation.json	patches/alienevo-1.1.3/assets/afomni/animations/echoecho.animation.json	-	7882082857fdb11e02f158ebc3a6d3f970e2ac60d54813f0e903ee97b2293749
AlienEvo-1.1.3-forge(1).jar	data/afomni/functions/iceberg/place_ice.mcfunction	patches/alienevo-1.1.3/data/afomni/functions/iceberg/place_ice.mcfunction	-	21e92ab039a8b166d1bade27c228b805acd4ff208016ddc43812259e7c5ac187
AlienEvo-1.1.3-forge(1).jar	data/alienevo/functions/cleanup/lingering.mcfunction	patches/alienevo-1.1.3/data/alienevo/functions/cleanup/lingering.mcfunction	-	812401b3c6d1f9ec0f25df832cd7fec6d13379dd24e6de4bf08cb5b74728b8a3
AlienEvo-1.1.3-forge(1).jar	data/alienevo_aliens/palladium/powers/methanosian.json	patches/alienevo-1.1.3/data/alienevo_aliens/palladium/powers/methanosian.json	-	4f96bea084b00d2b9cba71873a8f71b449d2c106da088dc1e6708b7657f31c88
AlienEvo-1.1.3-forge(1).jar	data/alienevo_aliens/palladium/powers/sonorosian.json	patches/alienevo-1.1.3/data/alienevo_aliens/palladium/powers/sonorosian.json	-	79b9747cdeae4168c512497f53b9653a7d8fcd8123edcdb43e241aab0953087b
AlienEvo-1.1.3-forge(1).jar	data/alienevo_aliens/palladium/powers/galvanic_rod.json	patches/alienevo-1.1.3/data/alienevo_aliens/palladium/powers/galvanic_rod.json	-	8182c379b3e6ca31b1c651601a1cce6a91e0fc12b1f9957f34c14b39d1ad422b
AlienEvo-1.1.3-forge(1).jar	data/alienevo_aliens/palladium/powers/vaxasaurian.json	patches/alienevo-1.1.3/data/alienevo_aliens/palladium/powers/vaxasaurian.json	-	33bd3e02dee50a448cb45bfe07242fbd79a6035a9341dd1d99f98a2557073d1c
AlienEvo-1.1.3-forge(1).jar	data/alienevo_aliens/palladium/powers/tetramand.json	patches/alienevo-1.1.3/data/alienevo_aliens/palladium/powers/tetramand.json	-	1f0c5a391e424eebd1d36dd2dd4b93a9edb2d984f5344fdc4b3c05383da8c294
AlienEvo-1.1.3-forge(1).jar	data/alienevo_aliens/palladium/powers/necrofriggian.json	patches/alienevo-1.1.3/data/alienevo_aliens/palladium/powers/necrofriggian.json	-	f77a3af0c6d30a7b923c2ab41abaa1cdb48dce29196e6aac00c9f900378c2de9
AlienEvo-1.1.3-forge(1).jar	data/alienevo_aliens/palladium/powers/kryptonian.json	patches/alienevo-1.1.3/data/alienevo_aliens/palladium/powers/kryptonian.json	-	a79d7c99f45495e3a401a3b8588bb585144e07e637b1c16b4c30e4018cbff8ac
